City,Area,Society
Thane,Kalyan West,Tata Amantra
Thane,Kalyan West,Sai Satyam Homes
Thane,Kalyan West,Birla Vanya
Thane,Kalyan West,Godrej Nirvaan
Thane,Kalyan West,Tycoons Solitaire Sapphire
Thane,Kalyan West,Godrej Riviera
Thane,Kalyan West,Rosalie
Thane,Kalyan West,Guru Atman
Thane,Kalyan West,Riverview Classic
Thane,Kalyan West,Ajmera New Era
Thane,Kalyan West,One Kalyan
Thane,Kalyan West,Ajmera Bliss
Thane,Kalyan West,Godrej Upavan
Thane,Kalyan West,Tycoons Square
Thane,Kalyan West,Raunak Urban Centre
Thane,Kalyan West,Vaibhavi City
Thane,Kalyan West,Sai Nirvana
Thane,Kalyan West,Madhav Shristi
Thane,Kalyan West,Raunak City 2
Thane,Kalyan West,Vrundavan
Thane,Kalyan West,Osho Dhara Residency
Thane,Kalyan West,Om Heights
Thane,Kalyan West,Mahavir Heights
Thane,Kalyan West,Saisatyam Residency
Thane,Kalyan West,Amrut Pearl
Thane,Kalyan West,Vrindavan Garden
Thane,Kalyan West,Haware Pinnacle
Thane,Kalyan West,Raunak City Sector 4
Thane,Kalyan West,Charms Heritage
Thane,Kalyan West,Kalyan Nagari
Thane,Kalyan West,Lotus Tower
Thane,Kalyan West,Vrindavan Shrushti
Thane,Kalyan West,Lifestyle City
Thane,Kalyan West,Raunak City 3
Thane,Kalyan West,Yogi Dham Phase Iii
Thane,Kalyan West,Virat Residency
Thane,Kalyan West,Devdarshan Apartment
Thane,Kalyan West,Madhav Sansar
Thane,Kalyan West,Shankheshwar Platinum
Thane,Kalyan West,Krishna Regency
Thane,Kalyan West,Vidhi Complex
Thane,Kalyan West,Royce Paradise
Thane,Kalyan West,Niraj City Phase 2
Thane,Kalyan West,Sai Sharnam
Thane,Kalyan West,Mahindra Happinest Kalyan
Thane,Kalyan East,Royal Residency
Thane,Kalyan West,Seasons Avenue Kalyan
Thane,Kalyan West,Kohinoor Majestic
Thane,Kalyan West,Aashapura Crown City
Thane,Kalyan West,Tycoons Residency
Thane,Kalyan West,Bajaj Prakriti Angan
Thane,Kalyan West,Rutu Riverside Estate
Thane,Kalyan West,Tycoons Goldmine Avenue 1
Thane,Kalyan West,Vasant Park
Thane,Kalyan West,Regency Paradise
Thane,Kalyan West,Triveni Dynamic Ultima
Thane,Kalyan West,Cornerstone
Thane,Kalyan West,Balaji Exotica
Thane,Kalyan West,Tharwani Vedant Signature
Thane,Kalyan West,Regency Avana
Thane,Kalyan East,Krishna Ultima
Thane,Kalyan East,Upgread Saket Group
Thane,Kalyan East,Sai Heights
Thane,Kalyan East,Seasons Sahara
Thane,Kalyan East,Kohinoor Eden
Thane,Kalyan East,Metro Grande
Thane,Kalyan West,Vaishnavi Highlife
Thane,Kalyan West,Kohinoor Luxuria
Thane,Kalyan East,Jh Zojwalla Regency Park
Thane,Kalyan East,Sai Samarth
Thane,Kalyan East,Swastik Park
Thane,Kalyan East,Om Sai Park
Thane,Kalyan East,Sai Darshan
Thane,Kalyan East,Keshav Apartment
Thane,Kalyan East,Ambika Apartment
Thane,Kalyan East,Shree Ganesh  Apartment
Thane,Kalyan East,Wadhwa Mahek Residency
Thane,Kalyan East,Mali Pinnacle
Thane,Kalyan East,Shiv Shambho Apartment
Thane,Kalyan East,Swastik Apartment
Thane,Kalyan East,Vaishnavi Pride
Thane,Kalyan East,Balaji Paradise
Thane,Kalyan East,Lok Dhara Phase Iii
Thane,Dombivli East,Sai Plaza
Thane,Kalyan East,Balaji Apartment
Thane,Kalyan East,Sai Leela
Thane,Kalyan East,Sai Villa
Thane,Kalyan East,Vaishnavi Apartment
Thane,Kalyan East,Ayush Heights
Thane,Kalyan East,Rais Valley
Thane,Kalyan East,Anmol Gardens
Thane,Kalyan East,Ameya Heights
Thane,Kalyan East,Lok Dhara Phase 2
Thane,Kalyan West,Krishna Square
Mumbai,Jogeshwari West,Roswalt Zaiden
Mumbai,Oshiwara,Paradigm Antalya
Mumbai,Oshiwara,Indradarshan Ii
Mumbai,Oshiwara,Sunteck City 4Th Avenue
Mumbai,Jogeshwari West,Lodha Bel Air
Mumbai,Jogeshwari West,Abba Residency
Mumbai,Andheri West,Oshiwara Mhada
Mumbai,Oshiwara,Serenity Apartment
Mumbai,Jogeshwari West,Chandiwala Pearl Platinum
Mumbai,Oshiwara,Samartha Deep
Mumbai,Andheri West,Windsor Grande Residences
Mumbai,Jogeshwari West,Lashkaria Pearl
Mumbai,Jogeshwari West,Satellite Park Chs
Mumbai,Jogeshwari West,Universal Cubical
Mumbai,Jogeshwari West,Vision Heights
Mumbai,Jogeshwari West,Smgk Associates Residency
Mumbai,Oshiwara,Ahuja Lamor
Mumbai,Ghatkopar West,Sagar Park
Mumbai,Jogeshwari West,United Park
Mumbai,Andheri West,Girnar Chs Andheri West
Mumbai,Jogeshwari West,Sagar Tower Chs
Mumbai,Jogeshwari West,Blossom Park
Mumbai,Jogeshwari West,Basera Chs
Mumbai,Jogeshwari West,Crystal Park Chs
Mumbai,Andheri West,Samarth Aangan
Mumbai,Jogeshwari West,Hill Park Tower
Mumbai,Andheri West,Tarapore Towers
Mumbai,Andheri West,Raheja Classique
Mumbai,Jogeshwari West,Lotus Park
Mumbai,Oshiwara,Aroma Chs
Mumbai,Oshiwara,Vijay Vishal
Mumbai,Jogeshwari West,Karishma Apartments
Mumbai,Jogeshwari West,Jogeshwari Anand Chs
Mumbai,Jogeshwari West,Malkani Towers Chs
Mumbai,Jogeshwari West,Khan Tower
Mumbai,Oshiwara,Verona
Mumbai,Jogeshwari West,Smgk Associate Wood
Mumbai,Oshiwara,Anushka Chs
Mumbai,Oshiwara,Wadhwa Imperial Heights
Mumbai,Oshiwara,Indra Darshan Apartment
Mumbai,Oshiwara,Sunteck City Avenue Ii
Mumbai,Andheri West,Serenity Complex
Mumbai,Jogeshwari West,Amore
Mumbai,Oshiwara,Sunteck City Avenue 1
Mumbai,Jogeshwari West,Lalani Heritage Park
Mumbai,Jogeshwari West,The Advantage Raheja Iris Park
Mumbai,Oshiwara,Sahyog Oshi
Mumbai,Jogeshwari West,Woods Platina
Mumbai,Andheri East,Siddha Sky
Mumbai,Jogeshwari Vikhroli Link Road,Kalpataru Vivant
Mumbai,Andheri East,Arkade Earth
Mumbai,Andheri East,Oberoi Prisma
Mumbai,Jogeshwari East,Avant Heritage 3
Mumbai,Jogeshwari East,Avant Heritage 2
Mumbai,Andheri East,Oberoi Splendor
Mumbai,Jogeshwari East,Ratan Heritage
Mumbai,Jogeshwari East,Codename Highway Touch
Mumbai,Jogeshwari East,Satellite Classic
Mumbai,Jogeshwari East,Dipti Sweta Chs
Mumbai,Andheri East,Bbj Siena
Mumbai,Andheri East,Hillcrest
Mumbai,Andheri East,Oberoi Splendor Grande
Mumbai,Jogeshwari East,Hindu Friends Society
Mumbai,Andheri East,Blue Meadows
Mumbai,Jogeshwari East,Rajesh Sarvodaya Chs
Mumbai,Jogeshwari East,Sai Siddhi Sankul
Mumbai,Jogeshwari East,Lily White
Mumbai,Jogeshwari East,Avant Heritage
Mumbai,Jogeshwari East,Govardhan Complex
Mumbai,Nalasopara East,Dipti Square
Mumbai,Jogeshwari Vikhroli Link Road,Oberoi Maxima
Mumbai,Jogeshwari Vikhroli Link Road,Ackruti Hillcrest
Mumbai,Goregaon East,Oberoi Elysian
Thane,Dombivli East,Runwal Mycity Phase 2
Thane,Dombivli East,Maitri Sai Samartha
Thane,Dombivli East,Regency Anantam
Thane,Dombivli East,Marathon Nexworld
Thane,Dombivli East,Runwal Gardens
Thane,Dombivli East,Lodha Codename Central
Thane,Dombivli East,Mangeshi Era
Thane,Dombivli East,Venus Skky City
Thane,Dombivli East,Ira Insignia
Thane,Dombivli East,Sai World Dreams
Thane,Dombivli East,Anand Dham
Thane,Dombivli East,Lodha Crown Dombivali
Thane,Dombivli East,Mokshit Majesta
Thane,Dombivli East,Lodha Serenity
Thane,Dombivli East,Lodha Codename Premier
Thane,Dombivli East,Versatile Valley
Thane,Dombivli East,Lodha Codename Smart Buy
Thane,Dombivli East,Marathon Next Town
Thane,Dombivli East,Pari Plaza
Thane,Dombivli East,Lodha Heaven
Thane,Dombivli East,Gokuldham
Thane,Dombivli East,Sai Vidya Apartment
Thane,Dombivli East,Kanchan Prem Apartment
Thane,Dombivli East,Siddharth Riverwood Park
Thane,Dombivli East,Fountain Plaza
Thane,Dombivli East,Ramchandra Park
Thane,Dombivli East,Sankalp Apartment Dombivli East
Thane,Dombivli East,Lodha Casa Bella Gold
Thane,Dombivli East,Om Sai Sadan Residency
Thane,Dombivli East,Royal Park
Thane,Dombivli East,Shubham Apartment
Thane,Dombivli East,Orchid Residency
Thane,Dombivli East,Om Residency
Thane,Dombivli East,Sai Arcade
Thane,Dombivli East,Disha Apartment
Thane,Dombivli East,Krishna Pride
Thane,Dombivli East,Yogam Residency
Thane,Dombivli East,Marathon Nextown
Thane,Dombivli East,Lodha Palava Casa Bella
Thane,Dombivli East,Shankeshwar Nagar
Thane,Dombivli East,Asha Paradise
Thane,Dombivli East,Lodha Heritage
Thane,Dombivli East,Suman Heights
Thane,Dombivli East,Lodha Palava
Thane,Dombivli East,Mumbai Sister City By Lodha
Thane,Dombivli East,Om Sai Apartments
Thane,Dombivli East,Shankheshwar Nagar
Thane,Dombivli East,Elite Tower
Thane,Dombivli East,Lodha Palava Lakeshore Greens
Thane,Dombivli East,Green Park
Thane,Dombivli East,Neelsidhi Balaji Garden
Thane,Dombivli East,Sai Orchid
Thane,Dombivli East,Versatile Omkar Heights
Thane,Dombivli East,Lodha Palava Codename Epic
Thane,Dombivli East,Runwal Mycity
Thane,Dombivli East,Shree Chamunda Garden
Thane,Dombivli East,Amber Tirth Chs
Thane,Dombivli East,Amber Heights
Thane,Dombivli East,Imperial
Thane,Dombivli East,Sai Ganesh Darshan
Thane,Dombivli East,Nisarg Park
Thane,Dombivli East,Vivek Aangan Chs
Thane,Dombivli East,Advance Legacy
Thane,Dombivli East,Madhukar Galaxy
Thane,Dombivli East,Kashmira Galaxy
Thane,Dombivli East,Shree Shankeshwar Garden
Thane,Dombivli East,Lodha Codename Golden Tomorrow
Thane,Dombivli East,Sundra Plaza Dombivali West
Thane,Dombivli East,Gopal Niwas 2
Thane,Dombivli East,Runwal My City Codename Walk
Thane,Dombivli East,Shanti Niketan
Thane,Dombivli East,Sai Mauli
Thane,Dombivli East,Om Shree Raghavendra Chs
Thane,Dombivli East,Pancharatna Mahal Chs
Thane,Dombivli East,Lodha Casa Bella City
Thane,Dombivli East,Sagar Darshan Chs
Thane,Dombivli East,Ravi Residency
Thane,Dombivli East,Lodha Elite
Thane,Dombivli East,Om Samarth Vihar Annex
Thane,Dombivli East,Amar Nana Vishnu Heights
Thane,Dombivli East,Pranshu Pride Coperative Housing Society
Thane,Dombivli East,Chandresh Avenue
Thane,Dombivli East,Devki Prem Chs
Thane,Dombivli East,Shelter 99 Madhukar Galaxy
Thane,Dombivli East,Suresh Complex
Thane,Dombivli East,Nandivali Hill View
Thane,Dombivli East,Sarvodaya Anand
Thane,Dombivli East,Lodha Panacea
Thane,Dombivli East,Shivam Apartments
Thane,Dombivli East,Lodha Palava City
Thane,Dombivli East,Rashi 27 East
Thane,Dombivli East,Palava Downtown
Thane,Dombivli East,Krishna Residency
Thane,Dombivli East,Lodha Casa Rio Gold
Thane,Dombivli East,Regency Estate
Thane,Dombivli East,Balaji Garden
Thane,Dombivli East,Sneh Residency
Thane,Dombivli East,Mahaavir Pride
Thane,Dombivli East,Lodha Casa Sophistica
Thane,Dombivli East,Krishna Kutir
Thane,Dombivli East,Sanghvi Shankheshwar
Thane,Dombivli East,Sundaram Plaza
Thane,Dombivli East,Mahalaxmi Heights
Thane,Dombivli East,Ritu Plaza
Thane,Dombivli East,Vignesh Plaza
Thane,Dombivli East,Gokuldham Society
Thane,Dombivli East,Anmol Shanti Niketan
Thane,Dombivli East,Manex Height
Thane,Dombivli East,Reliable Arcade
Thane,Dombivli East,Rajhans Chs
Thane,Dombivli East,Jai Malhar Society
Thane,Dombivli East,Sai Mahima Apartment
Thane,Dombivli East,Yesu Anand Hights
Thane,Dombivli East,Lodha Regency
Thane,Thane East,Shivkripa Residency
Thane,Dombivli East,Lodha Trinity
Thane,Dombivli East,Amber Star
Thane,Dombivli East,Om Amrut Smruti
Thane,Dombivli East,Sapta Shree Galaxy
Thane,Dombivli East,Globe Paradise
Thane,Dombivli East,Lodha Villa Royale
Thane,Dombivli East,Mangalmurti Galaxy
Thane,Dombivli East,Sai Deep
Thane,Dombivli East,Shubham Galaxy
Thane,Dombivli East,Runwal Gardens Phase 2 Bldg No 18 To 23
Thane,Dombivli East,Balaji Estate Phase 2
Thane,Dombivli East,Shreepati Residency
Mumbai,Dahisar West,Bhimashankar Heights
Mumbai,Dahisar West,Vaayu
Mumbai,Dahisar West,Park Residences
Mumbai,Dahisar West,The Wadhwa Viceroy Park
Mumbai,Dahisar West,Sai Vishram C H S Ltd
Mumbai,Dahisar West,Bona Venture
Mumbai,Dahisar West,Chamunda Vihar Chs
Mumbai,Kandivali West,Raviraj Tarang
Mumbai,Vasai West,Rustomjee Regal
Mumbai,Dahisar West,Vithal Chs Ltd
Mumbai,Dahisar West,Rustomjee Regency
Mumbai,Dahisar West,Radha Raman Chs
Mumbai,Dahisar West,Legend 1 Chs
Mumbai,Dahisar West,Narayan Heritage Chs Ltd
Mumbai,Dahisar West,Dahisar Sumati
Mumbai,Dahisar West,Ekta Vivek
Mumbai,Dahisar West,Galassia
Mumbai,Dahisar West,Prithvi Palace
Mumbai,Dahisar West,Rustomjee Complex
Mumbai,Dahisar West,Ekta Rock Garden
Mumbai,Dahisar East,Guru Dwarka Dahisar East
Mumbai,Dahisar East,Northern Hills
Mumbai,Dahisar East,Raj Rudraksha
Mumbai,Dahisar East,Dahisar Shivangan
Mumbai,Dahisar East,Sanghvi Eco City Phase Iii
Mumbai,Dahisar East,Avanya
Mumbai,Dahisar East,Northern Heights
Mumbai,Dahisar East,Sheth Midori
Mumbai,Dahisar East,Sadguru Heights I
Mumbai,Dahisar East,Falsa Scarlett Homes
Mumbai,Dahisar East,Heaven Plaza
Mumbai,Dahisar East,Shree Shashwat
Mumbai,Dahisar East,Chandak Sparking Wings
Mumbai,Dahisar East,Krishna Tower
Mumbai,Dahisar East,Shalimar Shelter Chsl
Mumbai,Dahisar East,Nl Aryavarta
Mumbai,Dahisar East,Eminente
Mumbai,Dahisar East,Kalpnagri Dhaivat
Mumbai,Dahisar East,Savitri Dham Cghs
Mumbai,Dahisar East,Om Geetanjali Chs
Mumbai,Dahisar East,Orchid Ozone
Mumbai,Dahisar East,Narmada
Mumbai,Dahisar East,Avirahi Classique
Mumbai,Dahisar East,Timber Green Homes
Mumbai,Dahisar East,Lodha Casa Essenza
Mumbai,Dahisar East,Hiral Splendour
Mumbai,Dahisar East,Rudraksh
Mumbai,Dahisar East,Crescent Sky Heights
Mumbai,Dahisar East,Vaibhav Palace
Mumbai,Dahisar East,Darvesh Horizon
Mumbai,Dahisar East,Tata New Haven
Mumbai,Dahisar East,Dedhia Sai Orchid
Mumbai,Dahisar East,Hermitage Complex
Mumbai,Mira Road East,Padmavati Tower
Mumbai,Dahisar East,Devchhaya
Mumbai,Dahisar East,Chandak Sparkling Wings
Mumbai,Dahisar East,Sadguru Chhaya
Mumbai,Dahisar East,Shantinath Darshan
Mumbai,Dahisar East,Oyster Living Divino
Mumbai,Dahisar East,Tanvi Eminence Phase 2
Mumbai,Dahisar East,Shiv Parbat
Mumbai,Dahisar East,Ashar Maple
Mumbai,Andheri West,Lashkaria Green Height
Mumbai,Dahisar East,Vklal Vishnu Phase I
Mumbai,Dahisar East,Sadguru Heights 2
Mumbai,Dahisar East,Je And Vee Vishwanath
Mumbai,Dahisar East,The Prestige City
Mumbai,Dahisar East,Grandness
Mumbai,Virar West,Cd Gurudev
Mumbai,Virar West,Mayfair Virar Gardens
Mumbai,Virar West,Rustomjee Avenue D1
Mumbai,Virar West,Joyville Palm Springs
Mumbai,Virar West,Parshwa Heights
Mumbai,Virar West,Kalash Kumkum
Mumbai,Virar West,Evershine Amavi 303
Mumbai,Virar West,Baba Time Balaji Platinum
Mumbai,Virar West,Agarwal Paramount
Mumbai,Virar West,Bhoomi Acropolis
Mumbai,Virar West,Blu Pearl
Mumbai,Virar West,Bachraj Lifespace
Mumbai,Virar West,Prabhat Complex
Mumbai,Virar West,Parikh Paradise Grandeur
Mumbai,Virar West,Global City
Mumbai,Virar West,Vinay Unique Gardens
Mumbai,Virar West,Poonam Park View Phase Ii
Mumbai,Virar West,Residency Park
Mumbai,Virar West,Joyville Virar
Mumbai,Virar West,Ekta Parksville
Mumbai,Virar West,Virar Bolinj Shakti
Mumbai,Virar West,Sumit Greendale
Mumbai,Virar West,Mandar Heights
Mumbai,Virar West,Yashwant Star A Wing
Mumbai,Virar West,Garden Avenue K
Mumbai,Virar West,Rustomjee Global City
Mumbai,Virar West,Krishna Residency
Mumbai,Virar West,Rustomjee Avenue J
Mumbai,Virar West,Vinay Unique Homes
Mumbai,Virar West,Cosmos Solitaire
Mumbai,Virar West,Poonam Park View
Mumbai,Virar West,Cosmos Legend
Mumbai,Virar West,Bachraj Residency
Mumbai,Virar West,Marbal Arch
Mumbai,Virar West,Sai Raj
Mumbai,Virar West,Sun Heights Virar
Mumbai,Virar West,Star Heights
Mumbai,Virar West,Rustomjee Avenue I
Mumbai,Virar West,Peninsula Park
Mumbai,Virar West,Swarohi Kutir Apartment
Mumbai,Virar West,Mountain View
Mumbai,Virar West,Yashodham Veehar
Mumbai,Virar West,Gagan Solitaire
Mumbai,Virar West,Vinay Unique Imperia
Mumbai,Virar West,Sumit Greendale Nx
Mumbai,Virar West,Hdil Residency Park
Mumbai,Virar West,Raj Maitry And Eskon Heights
Mumbai,Virar West,Surya Kirti Tower
Mumbai,Virar West,M Baria Castle View Apartment
Mumbai,Virar West,Vinay Unique Residency
Mumbai,Virar West,Vinay Unique Corner
Mumbai,Virar West,Bachraj Landmark
Mumbai,Virar West,Shubham Galaxy
Mumbai,Virar West,Solaris Stellar Lifestyle
Mumbai,Virar West,Sky City
Mumbai,Virar West,New Star
Mumbai,Virar West,Vikram Rachna Tower
Mumbai,Virar West,Viaan Classic
Mumbai,Virar West,Rushabh Heights
Mumbai,Virar West,Agarwal Meadows
Mumbai,Virar West,Viva City A2
Mumbai,Virar West,Agarwal Lifestyle
Mumbai,Virar West,Poonam Avenue
Mumbai,Virar West,Shantinath Tower
Mumbai,Virar West,Viva City A4
Mumbai,Virar West,Bhavani View
Mumbai,Virar West,Poonam Heights
Mumbai,Virar West,Evershine Avenue
Mumbai,Virar West,Unitechs West End Township
Mumbai,Virar West,Om Sai
Mumbai,Virar West,Priyesh Heights
Mumbai,Virar West,Vitthal Haven
Mumbai,Virar West,Brooklyn Park
Mumbai,Virar West,Pantan Synergy
Mumbai,Virar West,Mahavir Residency
Mumbai,Virar West,Shreeram Complex
Mumbai,Virar West,Unique Avenue 210
Mumbai,Virar West,Yash Platina
Mumbai,Grant Road,Orbit Heights
Mumbai,Grant Road,Crystal Tower
Mumbai,Grant Road,Valencia Tower
Mumbai,Grant Road,Amtulla Apartment
Mumbai,Grant Road,Avishkar Chs
Mumbai,Grant Road,Siddhesh Jyoti Tower
Mumbai,Grant Road,Darsshan Vonalzo
Mumbai,Virar East,Shree Ganesh Apartment
Mumbai,Virar East,Sai Akshay Apartment
Mumbai,Virar East,Velsons Heights
Mumbai,Virar East,Dgs Sheetal Sona
Mumbai,Virar East,Surya Narayan Apartment
Mumbai,Virar East,Shanti Classic
Mumbai,Virar East,Vaishnavi Sai Complex
Mumbai,Virar East,Shree Mahalaxmi Complex
Mumbai,Virar East,Shree Jivdani Krupa Complex
Mumbai,Virar East,Vaishnavi Heritage
Mumbai,Virar East,Vakratunda Complex Virar
Mumbai,Virar East,M Baria Grace
Mumbai,Virar East,Nirabai Sankul
Mumbai,Virar East,Mohak City
Mumbai,Virar East,Damodar Tower
Mumbai,Goregaon East,Gokuldham
Mumbai,Virar East,Bhakti Greens
Mumbai,Dadar West,Suraj Emmanuel
Mumbai,Dadar West,Laxmi Niwas
Mumbai,Dadar West,Ameyanand
Mumbai,Dadar West,Sukrut Apartment
Mumbai,Dadar West,The Palette
Mumbai,Dadar West,Guruprabhat Tower
Mumbai,Dadar West,The Baya Park
Mumbai,Dadar West,Godavari Kripa
Mumbai,Dadar West,Kohinoor Altissimo
Mumbai,Dadar West,Urbania 140 Shivaji Park
Mumbai,Dadar West,Suraj Palette
Mumbai,Dadar West,Suraj Park View
Mumbai,Dadar West,Anandi Apartment
Mumbai,Dadar West,Matru Chaya
Mumbai,Dadar West,Gajanan Krupa Apartment
Mumbai,Dadar West,Park Mist
Mumbai,Dadar West,Akansha
Mumbai,Dadar West,Ocean Star
Mumbai,Dadar West,Mukta Sadan
Mumbai,Dadar West,Gulmohar Chs
Mumbai,Dadar West,Ganesh Peth Apartment
Mumbai,Dadar West,Nirmala Building
Mumbai,Dadar West,Manik Apartment
Mumbai,Dadar West,Omkar Woodside
Mumbai,Dadar West,Sv Om Heights
Mumbai,Dadar West,Inder Tower
Mumbai,Dadar West,Suvidha Emerald
Mumbai,Dadar West,White Lily Chs
Mumbai,Dadar West,Sanskar Niwas Apartment
Mumbai,Dadar West,Gyan Sagar
Mumbai,Dadar West,Sagar Mandir Apartment
Mumbai,Dadar West,Priyadarshini Mahila Chs
Mumbai,Dadar West,Anil Apartment
Mumbai,Dadar West,Gp Shaalin
Mumbai,Dadar West,Akanksha
Mumbai,Dadar West,Parijat
Mumbai,Vasai West,Ndw Vipin Residency
Mumbai,Dadar West,Ave Maria
Mumbai,Dadar West,Mhatre Mansion
Mumbai,Dadar West,Suraj Mon Desire
Mumbai,Dadar West,Royal Tusk
Mumbai,Dadar West,Avishkar Empress
Mumbai,Vile Parle West,Disha Sat Anupa Chs
Mumbai,Vile Parle West,Pratap Elegance
Mumbai,Vile Parle West,Atharva
Mumbai,Vile Parle West,Labh Ashish Chs
Mumbai,Vile Parle West,Hemu Blossoms Apartment
Mumbai,Vile Parle West,Nutan Jeevan Society
Mumbai,Vile Parle West,Umesh Kiran Apartment
Mumbai,Vile Parle West,New Shankar Niwas Chs
Mumbai,Vile Parle West,Prime
Mumbai,Vile Parle West,Skyland
Mumbai,Vile Parle West,Hemu Castle Chs
Mumbai,Vile Parle West,Priti Paradise
Mumbai,Vile Parle West,Irla
Mumbai,Vile Parle West,Shankar Niwas
Mumbai,Vile Parle West,Dhan Laxmi Apartment
Mumbai,Vile Parle West,Shreeji Krupa
Mumbai,Vile Parle West,Anupam Apartment
Mumbai,Vile Parle West,Pragee Chs
Mumbai,Vile Parle West,Nisarg Apartment
Mumbai,Vile Parle East,Panom Park
Mumbai,Vile Parle East,Sumit Sai Prasad
Mumbai,Vile Parle East,Galaxy
Mumbai,Vile Parle East,Kolte Patil Jai Vijay
Mumbai,Vile Parle East,Sheela Smruti Apartment
Mumbai,Vile Parle East,Bileshwar Darshan Apartment
Mumbai,Vile Parle East,Evergreen Apartment
Mumbai,Vile Parle East,Kashi Niwas
Mumbai,Vile Parle East,Sneh Deep Apartment
Mumbai,Vile Parle East,Zee Heights
Mumbai,Vile Parle East,Madhuban
Mumbai,Vile Parle East,East Eden
Mumbai,Vile Parle East,Kalpita Enclave
Mumbai,Vile Parle East,Grace Iconic
Mumbai,Vile Parle East,Gagangiri Apartment
Mumbai,Vile Parle East,Syndicate Apartment
Mumbai,Vile Parle East,Krishna Niwas
Mumbai,Vile Parle East,Shanti Kunj
Mumbai,Vile Parle East,Pragati Apartment
Mumbai,Vile Parle East,Bajaj Shubhada
Mumbai,Vile Parle East,Prashal Apartment
Mumbai,Vile Parle East,Aruneshwar Chs
Mumbai,Vile Parle East,Vireshwar Darshan Chs
Mumbai,Vile Parle East,Galaxy Pinnacle
Mumbai,Vile Parle East,Kalpavriksha
Mumbai,Vile Parle East,Suvidha Pearl
Mumbai,Vile Parle East,Sai Sati Dhan
Mumbai,Vile Parle East,Durga Apartments
Mumbai,Vile Parle East,Jai Ghanshyam Chs
Mumbai,Vile Parle East,Rajat Dhaulagiri Chs
Mumbai,Vile Parle East,Highway Rose Society
Mumbai,Vile Parle East,Vile Parle Kalpavriksha Chs Ltd.
Mumbai,Vile Parle East,Shyam Kamal Building
Mumbai,Vile Parle East,Suman Apartment Vile Parle East
Mumbai,Vile Parle East,Marvel Residency
Mumbai,Vile Parle East,Galaxy Apartment
Mumbai,Vile Parle East,Atharv Apartment
Mumbai,Vile Parle East,Audumbar Apartment
Mumbai,Vile Parle East,Navprabhat Apartment
Mumbai,Vasai West,Dattani Vertex
Mumbai,Vasai West,Veena Velocity Phase 1 & 2
Mumbai,Vasai West,Rajhans Kshitij
Mumbai,Vasai West,Krishna Township
Mumbai,Vasai West,Vasais One
Mumbai,Vasai West,Sunteck Beach Residences
Mumbai,Vasai West,Maryland Greens
Mumbai,Vasai West,Kingston Tower
Mumbai,Vasai West,Eskon Heights Chs Ltd
Mumbai,Vasai West,Galaxy Vasai
Mumbai,Vasai West,Roman Residency
Mumbai,Vasai West,Dattani Village Building No 2
Mumbai,Vasai West,Sai Heights
Mumbai,Vasai West,Karma Apartment
Mumbai,Vasai West,Kaul Heritage City
Mumbai,Vasai West,Newan Sky
Mumbai,Vasai West,Sankalp Siddhi Apartment
Mumbai,Vasai West,Veena Velocity
Mumbai,Vasai West,Gokul Aangan
Mumbai,Vasai West,Star Residency
Mumbai,Vasai East,Ng Platinum City
Mumbai,Vasai East,Nakshatra Veda
Mumbai,Vasai East,Wonder Park
Mumbai,Vasai East,Samaira Residency
Mumbai,Vasai East,Suraksha Smart City
Mumbai,Vasai East,Raajlaxmi Towers
Mumbai,Vasai East,Nicon Infinity
Mumbai,Vasai East,Rashmi Hill View
Mumbai,Vasai East,Jsb Nakshatra Veda
Mumbai,Vasai East,Sunshine Sapphire
Mumbai,Vasai East,Freny Platinum
Mumbai,Vasai East,Shripal One
Mumbai,Vasai East,Deep Sky
Mumbai,Vasai East,Imperial Splendora
Mumbai,Vasai East,Ornate Heights
Mumbai,Vasai East,Reliable Township
Mumbai,Vasai East,Deep Classic
Mumbai,Vasai East,Evershine City Avenue 2
Mumbai,Vasai East,Sterling Heights
Mumbai,Vasai East,Veena Dynasty
Mumbai,Vasai East,Agarwal Hill View
Mumbai,Vasai East,Poonam Imperial
Mumbai,Vasai East,Gokul Park
Mumbai,Vasai East,Y Con Paradise
Mumbai,Vasai East,Mariyam Heritage
Mumbai,Vasai East,Evershine City
Mumbai,Vasai East,Harihar Enclave Chs
Mumbai,Vasai East,Spanish Residency
Mumbai,Vasai East,Ng Shree Ram Van
Mumbai,Vasai East,Hans Apartment
Mumbai,Vasai East,Sunshine Hills
Mumbai,Vasai East,Madhuban Township
Mumbai,Vasai East,Codename Vasai Pride
Mumbai,Vasai East,Parmar Jewel Residency
Mumbai,Vasai East,Jyoti Basera
Mumbai,Vasai East,Reliable Glory
Mumbai,Vasai East,Rajlaxmi Apartment
Mumbai,Vasai East,Rashmi Dhruvita Park
Mumbai,Vasai East,Agarwal Exotica
Mumbai,Vasai East,Rashmi Divya Complex
Mumbai,Vasai East,Rushabh Apartment
Mumbai,Vasai East,Jai Residency
Mumbai,Vasai East,Veena Saraswati
Mumbai,Vasai East,Rashmi Classic
Mumbai,Vasai East,Vasant Nagari Sector V
Mumbai,Vasai East,Rashmi Garden
Mumbai,Vasai East,Ornate Heights Annex
Mumbai,Vasai East,Veer One
Mumbai,Vasai East,Pil Towers
Mumbai,Vasai East,Yashwant Viva Township
Thane,Thane West,Asteria By Courtyard
Thane,Thane West,Guruprerna
Thane,Thane West,Godrej Ascend
Thane,Thane West,Iris At Kashish Park
Thane,Thane West,Jvm Tiara
Thane,Thane West,Tata Serein
Thane,Thane West,Samrin Heritage
Thane,Thane West,Runwal Codename Enchanted
Thane,Thane West,The Icon By Risland
Thane,Thane West,Piramal Vaikunth
Thane,Thane West,Dosti Tulip
Thane,Thane West,Rustomjee Azziano
Thane,Thane West,Sheth Avalon
Thane,Thane West,Sheth Vasant Lawns
Thane,Thane West,One Hiranandani Park
Thane,Thane West,Rustomjee Urbania
Thane,Thane West,Swastik Alps
Thane,Thane West,Hiranandani Estate Lavinia
Thane,Thane West,Godrej Emerald
Thane,Thane West,Highland Haven
Thane,Thane West,Pride Park
Thane,Thane West,Sunrise By Kalpataru
Thane,Thane West,Dosti West County
Thane,Thane West,Ng Regency
Thane,Thane West,Everest World
Thane,Thane West,Cosmos Lounge
Thane,Thane West,Conwood Enclave
Thane,Thane West,Omkar Apartment
Thane,Thane West,Shree Thane Darshan
Thane,Thane West,Maansarovar
Thane,Thane West,Pride Residency
Thane,Thane West,Courtyard Thane
Thane,Thane West,Empire Towers
Thane,Thane West,Laxmi Narayan Residency
Thane,Thane West,Sanghvi Garden
Thane,Thane West,Sai Park
Thane,Thane West,Giriraj Dreams
Thane,Thane West,Lodha Amara
Thane,Thane West,Lodha Crown
Thane,Thane West,Signature Residency
Thane,Thane West,Nisarg Upvan
Thane,Thane West,Lodha Splendora
Thane,Thane West,Brahmand Chs
Thane,Thane West,Bhoomi Acres Phase 2
Thane,Thane West,Cosmos Classique
Thane,Thane West,Jasmine
Thane,Thane West,Madhav Palacia
Thane,Thane West,Sai Dham Majiwada
Thane,Thane West,Happy Valley
Thane,Thane West,Giri Kunj
Thane,Thane West,Runwal Garden City
Thane,Thane West,Pushpanjali Residency Phase Iii
Thane,Thane West,Saket Complex
Thane,Thane West,Raheja Gardens
Thane,Thane West,Aban Park
Thane,Thane West,Lodha Luxuria
Thane,Thane West,Vasant Vihar
Thane,Thane West,Oswal Park
Thane,Thane West,Lodha Casa Ultima
Thane,Thane West,Atlantis
Thane,Thane West,Neelambari
Thane,Thane West,Dosti Oak
Thane,Thane West,Lodha Paradise
Thane,Thane West,Sanjivani Complex
Thane,Thane West,Vardhman Gardens
Thane,Thane West,Wadhwa Solitaire
Thane,Thane West,Parijat Gardens
Thane,Thane West,Neelkanth Greens
Thane,Thane West,Puraniks Grand Central
Thane,Thane West,Rutu Enclave
Thane,Thane West,Prestige Residency
Thane,Thane West,Ashok Nagar
Thane,Thane West,Devashree Park
Thane,Thane West,The Verraton
Thane,Thane West,Lodha Casa Royale
Thane,Thane West,Lalani Residency
Thane,Thane West,Valencia Park
Thane,Thane West,Lok Upvan
Thane,Thane West,Nyati Shubharambh Complex
Thane,Thane West,Ashar Edge
Thane,Thane West,Vijay Nagari
Thane,Thane West,Great Residency
Thane,Thane West,Raj Darshan Society
Thane,Thane West,Raunak Serene
Thane,Thane West,Siddhi Highland Springs
Thane,Thane West,Gawand Bag
Thane,Thane West,Vijay Vatika
Thane,Thane West,Flower Valley
Thane,Thane West,Vrindavan Complex
Thane,Thane West,Lodha Sterling
Thane,Thane West,Harmony Signature Towers
Thane,Thane West,Rutu Towers
Thane,Thane West,Akanksha Pioneer
Thane,Thane West,One Indiabulls Thane
Thane,Thane West,Immensa By Kalpataru
Thane,Thane West,Kalpataru Paramount
Thane,Thane West,Highland Garden
Thane,Thane West,Palacia
Thane,Thane West,New Rachana Park
Thane,Thane West,Puranik City Phase Iii
Thane,Thane West,Shree Ganesh Tower
Thane,Thane West,Anunagar Chs Ltd
Thane,Thane West,Vasant Leela Apartment
Thane,Thane West,Lodha Casa Viva
Thane,Thane West,Krishnamrut Chs Ltd
Thane,Thane West,Neelkanth Height
Thane,Thane West,Pelican Hiranandani Estate
Thane,Thane West,27 Gbr
Thane,Thane West,Vasant Fiona
Thane,Thane West,Vijay Enclave
Thane,Thane West,Highland Park
Thane,Thane West,Cosmos Horizon
Thane,Thane West,Runwal Eirene
Thane,Thane West,Dosti Desire
Thane,Thane West,Arihant Tower
Thane,Thane West,Crown Lodha Quality Homes
Thane,Thane West,Anand Park
Thane,Thane West,Rosa Elite
Thane,Thane West,Lokpuram Complex
Thane,Thane West,Hiranandani Mayflower
Thane,Thane West,Dosti Vijeta
Thane,Thane West,Mangalmurti Apartment
Thane,Thane West,Kavya Hill View
Thane,Thane West,Shree Srushti
Thane,Thane West,Siddhivinayak Tower
Thane,Thane West,Aakash Ganga Complex
Thane,Thane West,Akash Ganga Chs
Thane,Thane West,Acme Acme Ozone Eucalyptia
Thane,Thane West,Gagangiri Park
Thane,Thane West,Parkwood
Thane,Thane West,Valley Tower
Thane,Thane West,Laxmi Park
Thane,Thane West,Kulswamini Prasanna Dombivali West
Thane,Thane West,Lahoti House
Thane,Thane West,Saket Nagari
Thane,Thane West,Rustomjee Azziano L Wing
Thane,Thane West,Buddhadev Vihar
Thane,Thane West,Dev Daya
Thane,Thane West,Dhamale Niwas
Thane,Thane West,Vegas Plaza
Thane,Thane West,Samrin Imperial Heights Apartment
Thane,Thane West,Raunak Unnathi Woods Phase 7
Thane,Thane West,Saraswati Darshan
Thane,Thane West,Pratap Tower
Thane,Thane West,Nand Park
Thane,Thane West,Stg Marigold Siddheshwar Garden
Thane,Thane West,Highland Park Chs
Thane,Thane West,Haware Intelligentia Spectrum
Thane,Thane West,Kores Tower
Thane,Thane West,Bhakti Park
Thane,Thane West,Hubtown Greenwood
Thane,Thane West,Geeta Society
Thane,Thane West,Ashar Sapphire
Thane,Thane West,Avon
Thane,Thane West,Palacia Kingston Phase 2
Thane,Thane West,Nisarg Tapovan
Thane,Thane West,Minal Chhaya Chs
Thane,Thane West,Pioneer Park
Thane,Thane West,Shree Laxmi Park Vartak Nagar Thane
Thane,Thane West,Ganesh Niwas Chs
Thane,Thane West,Vakratunda Residency
Thane,Thane West,Victoria Vfva Lodha Paradise
Thane,Thane West,Vedant Apartments
Thane,Thane West,Cosmos Paradise Cirrus
Thane,Thane West,Runwal Estate
Thane,Thane West,Aakar Park
Thane,Thane West,Maitri Nirmal
Thane,Thane West,Gulmohar Apartment
Thane,Thane West,Rosa Royale
Thane,Thane West,Asiatic Enclave
Thane,Thane West,Natasha Enclave
Thane,Thane West,Imperial Square
Thane,Thane West,Mahavir Apartment
Thane,Thane West,Cosmos Heritage
Thane,Thane West,Shruti Park
Thane,Thane West,Yash Anand Chs
Thane,Thane West,Abhishek Heights
Thane,Thane West,Kalpataru Hills
Thane,Thane West,Puraniks Rumah Bali
Thane,Thane West,Orovia Phase 1
Thane,Thane West,Lodha Supremus
Thane,Thane West,Shiv Sai Paradise
Thane,Thane West,Kaushik Shree Chs
Thane,Thane West,Kanchan Pushp Complex
Thane,Thane West,Platinum Heritage
Thane,Thane West,Kalpataru Expansia
Thane,Thane West,Regency Towers
Thane,Thane West,Wadhwa Elite
Thane,Thane West,Lodha Codename Crown Jewel
Thane,Thane West,Hiranandani Estate Paloma
Thane,Thane West,Project Hiranandani Meadows
Thane,Thane West,Vijay Annex
Thane,Thane West,Ashar Pulse
Thane,Thane West,Lodha Luxuria Priva
Thane,Thane West,Kalpataru Hills Phase 2
Thane,Thane West,Rutu Tower
Thane,Thane West,Rosa Oasis
Thane,Thane West,Sagar Residency
Thane,Thane West,Vihang Hills
Thane,Thane West,Fenkin Belleza
Thane,Thane West,Sukur Residency
Thane,Thane West,Acura
Thane,Thane West,Hill Crest
Thane,Thane West,Mukta Residency
Thane,Thane West,Runwal Pearl
Thane,Thane West,Hiranandani Solitaire
Thane,Thane West,Cosmos Park
Thane,Thane West,Saptashree Heights
Thane,Thane West,Lodha Codename Rare Gem
Thane,Thane West,Cosmos Springs Angel
Thane,Thane West,Jvm Shubham
Thane,Thane West,Ekdanta New Suraj Tower
Thane,Thane West,Shivanand Co Hsg Soc
Thane,Thane West,Lok Vruksha Phase 2
Thane,Thane West,Hiranandani Estate Leonardo
Thane,Thane West,Soham Garden
Thane,Thane West,Lodha Quality Homes
Thane,Thane West,Hiranandani Eagleridge
Thane,Thane West,Cosmos Hills
Thane,Thane West,Raunak Unnathi Woods
Thane,Thane West,Anmol Annexie
Thane,Thane West,Godrej Edenwoods
Thane,Thane West,Hiranandani The Walk
Thane,Thane West,Shapoorji Pallonji Northern Lights
Thane,Thane West,Brahmand Phase 3
Thane,Thane West,Nalanda
Thane,Thane West,Dahlia Runwal Garden City
Thane,Thane West,Siddeshwar Garden
Thane,Thane West,Raunak Delight
Thane,Thane West,Swami Chs
Thane,Thane West,Green Acres
Thane,Thane West,Vijay Galaxy
Thane,Thane West,Shree Rang Society Cd 64
Thane,Thane West,Runwal Estate Phase
Thane,Thane West,Varun Garden
Thane,Thane West,Sahayog Complex
Thane,Thane West,Vihang Vermont
Thane,Thane West,Satguru Apartment
Thane,Thane West,Lodha Crown Kolshet
Thane,Thane West,Runwal Nagar
Thane,Thane West,Hiranandani Estate Queens
Thane,Thane West,Vihang Valley
Thane,Thane West,Pride Palms
Thane,Thane West,Apollo Apartment
Thane,Thane West,Rakhi Sadan Apartment
Thane,Thane West,Project Hiranandani Estate
Thane,Thane West,Hill Garden
Thane,Thane West,Puranik City Phase 3
Thane,Thane West,Shree Prasth Chs
Thane,Thane West,Shrirang Chs
Thane,Thane West,Vardhman Garden Blue Bell Bldg
Thane,Thane West,Ashirwad Chs
Thane,Thane West,Shree Satya Shankar Residency
Thane,Thane West,Sai Balaji Apartment
Thane,Thane West,Maitri Height
Thane,Thane West,Carlyle Thane West
Thane,Thane West,Arjuna Park Chs
Thane,Thane West,Auralis The Twins
Thane,Thane West,Brahmand
Thane,Thane West,Pereira Nagar
Thane,Thane West,Garden Estate
Thane,Thane West,Brightland
Thane,Thane West,Raunank Unnathi Woods Phase 6
Thane,Thane West,Ravi Estate
Thane,Thane West,Osho Anand
Thane,Thane West,Sankalp Heights
Thane,Thane West,Sarovar Darshan
Thane,Thane West,Kanakia Eternity
Thane,Thane West,Terraform Arcade
Thane,Thane West,Jagat Enclave
Thane,Thane West,Kalpataru Sunrise Grande
Thane,Thane West,Siddheshwar Garden
Thane,Thane West,Acme Ozone
Thane,Thane West,Aakansha Garden
Thane,Thane West,Vijay Residency
Thane,Thane West,Hiranandani Lake Enclave
Thane,Thane West,Saket Tower
Thane,Thane West,Rustomjee Uptown Urbania
Thane,Kalyan East,Rai Shre Hari Complex D Wing
Thane,Thane West,Rosa Manhattan
Thane,Thane West,Lodha Grandezza
Thane,Thane West,Mahavir Square
Thane,Thane West,Odyssey Lodha Paradise
Thane,Thane West,Everest World Lavender
Thane,Thane West,Jvms Accord
Thane,Thane West,Highland Park Phase Iii
Thane,Thane West,Kalpataru Parkcity
Thane,Thane West,Brahmand Phase 3 Chsl
Thane,Thane West,Green Square
Thane,Thane West,Ashar Axis
Thane,Thane West,Hiranandani Meadows
Thane,Thane West,Coral Heights
Thane,Thane West,Rutu Estate
Thane,Thane West,Bhagwati Belmont
Thane,Thane West,Kalpataru Tarangan 1
Thane,Thane West,Kabra Shubharambh
Thane,Thane West,Regency Heights
Thane,Thane West,Kashishi Park Tower A
Thane,Thane West,Rustomjee Aurelia
Thane,Thane West,Sudarshan Sky Garden
Thane,Thane West,Shapoorji Pallonji Skyraa
Thane,Thane West,Hiranandani The Walk Castalia
Thane,Thane West,Kabra Galaxy Star 2
Thane,Thane West,Pinnacle Gloria
Thane,Thane West,Highland Twinkle Towers
Thane,Thane West,Unique Greens
Thane,Thane West,Horizon Palms
Thane,Thane West,Hiranandani Rodas Enclave
Thane,Thane West,Hiranandani Estate The Walk
Thane,Thane West,Soham Tropical Lagoon
Thane,Thane West,Lodha Codename Goldmine
Thane,Thane West,Vihang Marina
Thane,Thane West,The Address By Gs
Thane,Thane West,Apollo Hiranandani Estate
Thane,Thane West,Sheth Zuri
Thane,Thane West,Dosti Nest
Thane,Thane West,Hiranandani The Walk Ventana
Thane,Thane West,Dynamix Parkwoods
Thane,Thane West,Neelkanth Lake View
Thane,Thane West,Metro Majestic
Thane,Thane West,Kalpa Taru Siddhachal 6
Thane,Thane West,Hiranandani Skylark Enclave
Thane,Thane West,Neelkanth Woods
Thane,Thane West,Eternia At Kalpataru Parkcity
Thane,Thane West,Puraniks Vartak Nagar
Thane,Thane West,Kalpataru Eternia
Thane,Thane West,Hiranandani Estate Canary
Thane,Thane West,Hiranandani Rodas Enclave Woodpark
Thane,Thane West,Dosti Imperia
Thane,Thane West,Crystal Spires
Thane,Thane West,Neelkanth Palms
Thane,Thane West,Elite Platina 20
Thane,Thane West,Vijay Resedency Ii
Thane,Thane West,Leona Hiranandani Estate
Thane,Thane West,Pataskar Eclat
Thane,Thane West,Annora
Thane,Thane West,Prestige Garden
Thane,Thane West,Rustomjee Athena
Thane,Thane West,Senina
Thane,Thane West,Gala Pride Enclave
Thane,Thane West,Hiranandani Estate - Springhill
Thane,Thane West,Rustomjee Atelier
Thane,Thane West,Elegance Tower
Thane,Thane West,Sparta
Thane,Thane West,Raheja Garden Estate
Thane,Thane West,Swastik Regalia
Thane,Thane West,Prakruti Pearl
Thane,Thane West,Hiranandani Estate Astra
Thane,Thane West,Manas Society
Thane,Thane East,Jai Jhulelal Co Op Housing Society
Thane,Thane East,Viraj Heights
Thane,Thane East,Satguru Garden
Thane,Thane East,Nirmal Jeevan Chs
Thane,Thane East,Shiv Society Kopri Colony
Thane,Thane East,Hari Om Millennium Park
Thane,Thane East,Sai Tirth
Thane,Thane East,Sai Deep Apartment
Thane,Thane East,Matruchaya
Thane,Thane East,Maitreya Park
Mumbai,Sion West,Jain Society
Mumbai,Sion West,Dns Anuutham
Mumbai,Sion Koliwada,Runwal Oyt
Mumbai,Sion West,Trilok Apartment
Mumbai,Sion West,New Nand Deep Chs
Mumbai,Sion Koliwada,Ahuja O2
Mumbai,Sion West,Krishna Bhavan
Mumbai,Chembur East,Piri Majestic Apartment
Mumbai,Chembur East,Diamond Garden
Mumbai,Chembur East,Purva Clermont
Mumbai,Chembur East,Sabari Shaan
Mumbai,Chembur East,Chembur Castle
Mumbai,Chembur East,Godrej Prime
Mumbai,Chembur East,Hubtown Seasons
Mumbai,Chembur East,Runwal Serene
Mumbai,Chembur East,Safal Nav Parmanu
Mumbai,Chembur East,Wadhwa Dukes Horizon
Mumbai,Chembur East,Veena Serenity
Mumbai,Chembur East,Satra Harmony
Mumbai,Chembur East,Godrej Central
Mumbai,Chembur East,Pinnacle
Mumbai,Chembur East,Godrej Rks
Mumbai,Chembur East,Kings Paradise
Mumbai,Chembur East,Venus Heights
Mumbai,Chembur East,Mithul Enclave
Mumbai,Chembur East,Bhoj Bhawan
Mumbai,Chembur East,Altavista
Mumbai,Chembur East,Tulsi Meadows
Mumbai,Chembur East,Mm Spectra
Mumbai,Chembur East,Sterling Apartment
Mumbai,Chembur East,Tridhaatu Morya
Mumbai,Chembur East,Bholenath Aura Apartments
Mumbai,Chembur East,Kyraa Ariso Apartment
Mumbai,Chembur East,Sai Sanskar
Mumbai,Chembur East,North Star
Mumbai,Chembur East,Zynergy
Mumbai,Chembur East,Sindhi Society
Mumbai,Chembur East,Chembur Gaothan
Mumbai,Chembur East,Crystal Armus
Mumbai,Chembur East,Sai Samast
Mumbai,Chembur East,Runwal Hills
Mumbai,Chembur East,Kalpa Taru Divya Swapna
Mumbai,Chembur East,Godrej Codename Rk Studio
Mumbai,Sion Koliwada,Dosti Mezzo 22
Mumbai,Sion Koliwada,Sheth Beaumonte
Mumbai,Sion East,Ruparel Zion
Mumbai,Sion East,The New Sion Chs
Mumbai,Sion East,Seva Samiti Chs Building No 4
Mumbai,Sion East,Kartar Bhavan
Mumbai,Sion East,Ameya Chs
Mumbai,Sion East,Ruparel Regalia
Mumbai,Sion East,Everard Nagar Co Operative Housing Society
Mumbai,Sion East,Vibrant Callisto
Mumbai,Sion East,Kakad Niketan Apartment
Mumbai,Sion Koliwada,Sardar Nagar Vaibhav Chs
Mumbai,Santacruz West,Bhoomi Prestige
Mumbai,Santacruz West,India House
Mumbai,Santacruz West,Ruparel Panache
Mumbai,Santacruz West,Villa Velloze
Mumbai,Santacruz West,Rna Classic Chs
Mumbai,Santacruz West,Geetanjali Apartment
Mumbai,Santacruz West,Dev Shakti
Mumbai,Santacruz West,Silver Melody Apartment
Mumbai,Santacruz West,Sangeeta Apartment Potohar Nagar
Mumbai,Santacruz West,Arristo Sapphire
Mumbai,Santacruz West,Kirti Manor
Mumbai,Santacruz West,Arkade Aura
Mumbai,Santacruz West,Palazzo Landmark
Mumbai,Santacruz West,Kalpataru  Imperia
Mumbai,Santacruz West,Tiara Tower
Mumbai,Santacruz West,Atlanta Santacruz West
Mumbai,Santacruz West,Lido Towers
Mumbai,Santacruz West,Raheja Park West
Mumbai,Santacruz West,Khira Nagar Apartment
Mumbai,Santacruz West,Ajinkya Apartment
Mumbai,Santacruz West,Dheeraj Heritage Residency
Mumbai,Santacruz West,Jolly Bhavan Apartments
Mumbai,Santacruz West,Rizvi Park
Mumbai,Santacruz West,Rajarshi Chs
Mumbai,Santacruz West,Pioneer Heritage
Mumbai,Santacruz West,Green Garden
Mumbai,Santacruz West,Yash Navjeevan
Mumbai,Santacruz West,K L Mehrise
Mumbai,Santacruz West,Neet And Geet Chs
Mumbai,Santacruz West,Sushila Baug Chs
Mumbai,Santacruz West,Blossom
Mumbai,Santacruz West,Suraj Baug Apartment
Mumbai,Santacruz West,Urmila Cooperative Housing Society
Mumbai,Santacruz West,Siroya Shankardeep Apartment
Mumbai,Santacruz West,Elizabeth Home
Mumbai,Santacruz West,Landmark Apartment
Mumbai,Santacruz West,Super Bazar
Mumbai,Santacruz West,Kismat Society
Mumbai,Santacruz West,Nav Kiran
Mumbai,Santacruz West,Davdeep Apartment
Mumbai,Santacruz West,Krimson Aurum
Mumbai,Santacruz West,Mantri Sujata
Mumbai,Santacruz West,Ajanta Apartments Santacruz West
Mumbai,Santacruz West,Uday Bhanu
Mumbai,Santacruz West,Kings Acres Apartment
Mumbai,Santacruz West,Silver Beliza Apartment
Mumbai,Santacruz West,Arsha Villa Apartment
Mumbai,Santacruz West,Prakash Chs
Mumbai,Santacruz West,Gautam Apartments
Mumbai,Santacruz West,64 Greens
Mumbai,Santacruz West,Raja Tirupati Balaji Towers
Mumbai,Santacruz West,Vivek Apartments
Mumbai,Santacruz West,S Raheja Sapphire
Mumbai,Santacruz West,10 Central Avenue
Mumbai,Santacruz West,Genesis Apartment
Mumbai,Santacruz West,Vrindavan
Mumbai,Santacruz West,Ved Kabir
Mumbai,Santacruz West,Toshiba Apartment
Mumbai,Santacruz West,Serenity
Mumbai,Santacruz West,Auro Villa
Mumbai,Santacruz West,Pacific Avenue
Mumbai,Santacruz West,Paradigm Artteza
Mumbai,Santacruz West,Vogue
Mumbai,Santacruz West,Mamta Apartment
Mumbai,Santacruz West,Green Field Apartment
Mumbai,Santacruz West,Palazzo Apartment
Mumbai,Dadar East,Ekta Invictus
Mumbai,Dadar East,Ra Residences
Mumbai,Dadar East,Bombay Dyeing Two Icc
Mumbai,Dadar East,Island City Center One Icc
Mumbai,Dadar East,Island City Center
Mumbai,Dadar East,Ruparel Luminaire
Mumbai,Dadar East,Sri Lakshmi Co Operative Housing Society
Mumbai,Dadar East,Shatrunjay Tower
Mumbai,Dadar East,Rupal Apartments
Mumbai,Dadar East,Mahalaxmi
Mumbai,Dadar East,Navin Asha Chs
Mumbai,Dadar East,Dhanlaxmi Apartment Dadar East
Mumbai,Dadar East,Vissanji Park
Mumbai,Dadar East,Chitra Apartment
Mumbai,Dadar East,Bombay Springs
Mumbai,Dadar East,Garden Court
Mumbai,Dadar East,Pashmina Serene
Mumbai,Dadar East,Shikhar Apartment
Mumbai,Dadar East,Pearl Chs
Mumbai,Dadar East,Vatsalya Chs
Mumbai,Dadar East,Landmark Tower
Mumbai,Dadar East,Avenue 14
Mumbai,Dadar East,Belle View Apartment
Mumbai,Dadar East,Nabashruti Apartment
Mumbai,Dadar East,Crystal Height
Mumbai,Dadar East,Shree Samarth
Mumbai,Dadar East,Matrubhoomi Panchratna Nx
Mumbai,Dadar East,Royal Crest Chs
Mumbai,Santacruz East,Sigma Emerald
Mumbai,Santacruz East,Kalpataru Bliss
Mumbai,Santacruz East,Sanghvi Infenia
Mumbai,Santacruz East,Kalpataru Primus
Mumbai,Santacruz East,Silver Strip Chs
Mumbai,Santacruz East,Olive Apartment
Mumbai,Santacruz East,Atmiya Centria
Mumbai,Santacruz East,Project Kalina
Mumbai,Santacruz East,Saaga Nav Vishwadham Chs Ltd
Mumbai,Santacruz East,Ananc Enclave
Mumbai,Santacruz East,New Vinay Chs Ltd
Mumbai,Nalasopara East,Blue Gardina
Mumbai,Santacruz East,Prabhat Residency
Mumbai,Santacruz East,Kul Court
Mumbai,Santacruz East,Golden Square
Mumbai,Santacruz East,Project Vakola
Mumbai,Santacruz East,Dgs Sheetal Amar Geta
Mumbai,Santacruz East,Roy Mansion
Mumbai,Santacruz East,Sagar Avenue Phase Ii
Mumbai,Santacruz East,Kabra Centroid
Mumbai,Santacruz East,Chouhan Indira Classic
Mumbai,Santacruz East,Sagar Avenue
Mumbai,Santacruz East,Krishna Galaxy
Mumbai,Santacruz East,Pratap Chs
Mumbai,Santacruz East,Runwal Symphony
Mumbai,Santacruz East,Silver Square Chs Ltd
Mumbai,Santacruz East,Ag Park
Mumbai,Santacruz East,Fairmont La Paradiso
Mumbai,Santacruz East,Krishna Kalina Market
Mumbai,Santacruz East,Flight View Chs
Mumbai,Santacruz East,Vijay Apartment
Mumbai,Santacruz East,Kunj Vihar
Mumbai,Santacruz East,The Ascent Apartment B
Mumbai,Santacruz East,Sheetal Airwings
Mumbai,Santacruz East,Sumit Artista
Mumbai,Santacruz East,Vishwajit Apartment
Mumbai,Santacruz East,Radha Mohan Apartment
Mumbai,Santacruz East,Silver Avenue
Mumbai,Santacruz East,Godavari Chs
Mumbai,Santacruz East,Resham Apartment
Mumbai,Santacruz East,Ms H2O
Mumbai,Santacruz East,Vivek Chs
Mumbai,Santacruz East,Shivom Enclave
Mumbai,Santacruz East,Raj Galaxy I
Mumbai,Santacruz East,Gurukrupa Primus Residences
Mumbai,Santacruz East,Kalpataru Primus Residences
Mumbai,Santacruz East,Bhakti Sudha
Mumbai,Santacruz East,Nilambari Apartment
Mumbai,Santacruz East,Sai Complex Chs
Mumbai,Santacruz East,Tulsi Niwas
Mumbai,Santacruz East,Silver Apartment
Mumbai,Santacruz East,Sujata Apartment
Mumbai,Santacruz East,Cosmo House
Mumbai,Santacruz East,Shraddha Darshan
Mumbai,Santacruz East,Nav Swa Gharkul Chs
Mumbai,Santacruz East,Rizvi Utopia
Mumbai,Santacruz East,Santacruz Mansion
Mumbai,Nalasopara East,Evershine Madhuvan
Mumbai,Santacruz East,Insignia
Mumbai,Santacruz East,Sambhav Apartment
Mumbai,Santacruz East,Dheeraj Insignia Apartment
Mumbai,Santacruz East,Alora
Mumbai,Santacruz East,Vijay Shree Durga
Mumbai,Dadar West,Rustomjee Crown
Mumbai,Prabhadevi,Wadhwa 25 South
Mumbai,Prabhadevi,Paschim Apartments
Mumbai,Prabhadevi,Lodha Grandeur
Mumbai,Prabhadevi,25 South
Mumbai,Dadar West,Siddhivinayak Horizon
Mumbai,Prabhadevi,Kamna Apartment
Mumbai,Prabhadevi,Rohan Aquino
Mumbai,Prabhadevi,Mhada Century Mill
Mumbai,Prabhadevi,Star Cooperative Housing Society Ltd
Mumbai,Prabhadevi,Grace Orchid
Mumbai,Prabhadevi,Jayant Sapphire
Mumbai,Prabhadevi,Beach Towers
Mumbai,Prabhadevi,Ivory Tower
Mumbai,Prabhadevi,Project Prabhadevi
Mumbai,Prabhadevi,Kuber Tower
Mumbai,Prabhadevi,Sai Vismay
Mumbai,Prabhadevi,Brahma Siddhi
Mumbai,Prabhadevi,Mangal Manohar Chs
Mumbai,Prabhadevi,Krypton Tower
Mumbai,Prabhadevi,Sea Sequence
Mumbai,Prabhadevi,Swapna Saphalya
Mumbai,Prabhadevi,Sumer Trinity
Mumbai,Prabhadevi,Chaitanya Towers
Mumbai,Prabhadevi,Cosmos Majestic
Mumbai,Prabhadevi,Aristo Pearl Residency
Mumbai,Prabhadevi,Salvation Chs
Mumbai,Prabhadevi,Utkarsh Chs
Mumbai,Prabhadevi,El Dorado
Mumbai,Prabhadevi,Bayview Terraces
Mumbai,Prabhadevi,Ar Elanza
Mumbai,Prabhadevi,Sona Asteria Heights
Mumbai,Prabhadevi,Raheja Princess
Mumbai,Prabhadevi,Vision Crest
Mumbai,Prabhadevi,Silver Dunes
Mumbai,Prabhadevi,Raheja Empress
Mumbai,Prabhadevi,Beaumonde Towers
Mumbai,Prabhadevi,Tata Peregrine
Mumbai,Prabhadevi,Ajmera Classique
Mumbai,Prabhadevi,Rustomjee Crown Phase Ii
Mumbai,Prabhadevi,Kalpataru Oceana
Mumbai,Prabhadevi,Lifescapes Aquino
Mumbai,Prabhadevi,The Magestic
Mumbai,Prabhadevi,Prithvi Emperor
Mumbai,Prabhadevi,Ananad Chaya Apartment
Mumbai,Prabhadevi,Eon One
Mumbai,Prabhadevi,Rameshwaram
Mumbai,Prabhadevi,Suryodaya Chs
Mumbai,Mira Road East,Sanghvi Ecocity
Mumbai,Mira Road East,Walchand Paradise
Mumbai,Mira Road East,127 Raj Home
Mumbai,Mira Road East,Raj Heritage 2
Mumbai,Mira Road East,Janki Legacy
Mumbai,Mira Road East,Chheda Greens
Mumbai,Mira Road East,Strawberry Onyx
Mumbai,Mira Road East,Cllaro Urban Nest
Mumbai,Mira Road East,S3 Skyrise
Mumbai,Mira Road East,Chheda Avighna
Mumbai,Mira Road East,Shweta Heights
Mumbai,Mira Road East,Ramdev Ritu Heights
Mumbai,Mira Road East,Vasudev Paradise
Mumbai,Mira Road East,Jasmine Residency
Mumbai,Mira Road East,Harsh Plaza
Mumbai,Mira Road East,North Barcelona
Mumbai,Mira Road East,Tiara Hills
Mumbai,Mira Road East,Ritu Paradise Phase Ii
Mumbai,Mira Road East,Chandresh Accord
Mumbai,"Miragaon, Mira Road",Radha Regency
Mumbai,Mira Road East,Kakad Paradise
Mumbai,Mira Road East,Esquire
Mumbai,Mira Road East,Micl Aaradhya High Park
Mumbai,Kandivali East,Lodha Aqua
Mumbai,Mira Road East,Apna Ghar Phase 3
Mumbai,Mira Road East,Solitaire 3
Mumbai,Kandivali East,Aaradhya Parkwood
Mumbai,Mira Road East,Riddhi Siddhi
Mumbai,Mira Road East,Pinnacolo
Mumbai,Mira Road East,Pinnacolo Nx
Mumbai,Mira Road East,Stanley Paradise
Mumbai,Mira Road East,Gaurav Valley Orchid
Mumbai,Mira Road East,Db Ozone
Mumbai,Mira Road East,Rna Broadway Avenue
Mumbai,"Miragaon, Mira Road",Jp North Euphoria
Mumbai,Mira Road East,Kalpataru Srishti
Mumbai,Mira Road East,Shubh Seven Square Avenue
Mumbai,Mira Road East,Unique Elanza
Mumbai,Mira Road East,Sk Imperial Heights
Mumbai,Mira Road East,Urban Grandeur
Mumbai,Mira Road East,Jp Codename Open Streets
Mumbai,"Miragaon, Mira Road",Jk Iris
Mumbai,Nalasopara West,Om Sai Heights Phase Ii
Mumbai,Nalasopara West,Dgs Sheetal Sejal
Mumbai,Nalasopara West,Manibhadra Avenue
Mumbai,Nalasopara West,Sankalp Heights
Mumbai,Nalasopara West,Orange Heights
Mumbai,Nalasopara West,Deep Heights
Mumbai,Nalasopara West,Mira Dharti Heights
Mumbai,Nalasopara West,Vini Heights
Mumbai,Nalasopara West,Gemini Cooperative Housing Society Ltd
Mumbai,Nalasopara West,Sai Abhyuday Complex
Mumbai,Nalasopara West,Gulmohar Heritage
Mumbai,Nalasopara West,Sai Lila
Mumbai,Nalasopara West,Dreams Tower
Mumbai,Nalasopara West,Nakoda Heights
Mumbai,Nalasopara West,Shalibhadra Yash
Mumbai,Nalasopara West,Govinda Park
Mumbai,Nalasopara West,Poonam Pallazo
Mumbai,Nalasopara West,Sea Grapes
Mumbai,Nalasopara West,Shreenath Nagar
Mumbai,Nalasopara West,Reliable Heights
Mumbai,Nalasopara East,Samruddhi Garden
Mumbai,Nalasopara West,Adhiraj Nayan Paradise
Mumbai,Nalasopara West,Jainam Heights
Mumbai,Nalasopara West,Ayan Residency
Mumbai,Nalasopara West,Dange Complex
Mumbai,Nalasopara West,Poonam Palash
Mumbai,Nalasopara West,Jay Apartment
Mumbai,Nalasopara West,Cherry Residency
Mumbai,Nalasopara West,Navkaar Wing B
Mumbai,Nalasopara West,Shree Anant Tower
Mumbai,Nalasopara West,Royal Plaza
Mumbai,Nalasopara West,Agarwal Krish Garden
Mumbai,Nalasopara East,Imperial Shelter
Mumbai,Nalasopara West,Sai Kalp Apartment
Mumbai,Nalasopara West,Sheetal Jyoti
Mumbai,Nalasopara West,Sai Heritage
Mumbai,Nalasopara West,Sri Prastha
Mumbai,Nalasopara West,Reliable Complex Chs
Mumbai,Nalasopara West,Shalibhadra Amora
Mumbai,Ghatkopar West,Deep Garden
Mumbai,Nalasopara East,Sai Crystal Empire
Mumbai,Nalasopara East,Rashmi Regency
Mumbai,Nalasopara East,Laxmi Dhule Complex
Mumbai,Nalasopara East,Av Crystal
Mumbai,Nalasopara East,Anchor Park
Mumbai,Nalasopara East,Sai Shraddha Apartment
Mumbai,Nalasopara East,Shiv Shrushti Complex
Mumbai,Nalasopara East,Rudra Heights
Mumbai,Nalasopara East,Reliable Swapna Nagari
Mumbai,Nalasopara East,Bharat Ganga Apartment
Mumbai,Nalasopara East,Sai Ganesh Apartment
Mumbai,Nalasopara East,Vidya Apartment
Mumbai,Nalasopara East,Armaan Lotus
Mumbai,Nalasopara East,Chandresh Vandan
Mumbai,Nalasopara East,Shanti Lifespaces 1
Mumbai,Naigaon East,Jay Vijay Nagari
Mumbai,Naigaon East,Mittal Enclave
Mumbai,Naigaon East,Casita Enclave
Mumbai,Naigaon East,Navkar Blossom
Mumbai,Naigaon East,Sunteck One World
Mumbai,Naigaon East,Citizen Complex
Mumbai,Naigaon East,Sunteck Naigaon
Mumbai,Naigaon East,Shree Krishna Bhoomi
Mumbai,Naigaon East,Navkar Elite
Mumbai,Naigaon East,Sunteck Maxx World
Mumbai,Naigaon East,Nakshatra Greens
Mumbai,Naigaon East,Shree Ram Heights
Mumbai,Naigaon East,Orchid Villa
Mumbai,Naigaon East,Spanish Villa
Mumbai,Naigaon East,Nakshatra Aarambh
Mumbai,Naigaon East,Navkar Empire
Mumbai,Naigaon East,Navkar City
Mumbai,Naigaon East,Rashmis Star City
Mumbai,Naigaon East,Navkar City Phase 2
Mumbai,Naigaon East,Unicorn Global Arena
Mumbai,Naigaon East,Pavitra Dham
Mumbai,Naigaon East,Parasnath Nagari
Mumbai,Naigaon East,Rashmi Pink City
Mumbai,Naigaon East,Reliable Garden
Mumbai,Naigaon East,Lodha Dreams Heights
Mumbai,Naigaon East,Yashvant Pride
Mumbai,Naigaon East,Globle Arena
Mumbai,Naigaon East,Mohak Oyster Living I
Mumbai,Naigaon East,Sahakar Residency
Mumbai,Naigaon East,Bhamini Sankul
Mumbai,Naigaon East,Ritu Dreams
Mumbai,Naigaon East,Apeksha Imperial
Mumbai,Naigaon East,Sai Enclave
Mumbai,Naigaon East,Jsb Nakshatra Primus
Mumbai,Naigaon East,Vencel Enclave
Mumbai,Naigaon East,Nakshatra Ozone
Mumbai,Naigaon East,Mahalaxmi Nagar
Mumbai,Naigaon East,Navkar Tower
Mumbai,Goregaon East,Db Woods
Mumbai,Goregaon East,Jp Decks Blue
Mumbai,Goregaon East,Lodha Fiorenza
Mumbai,Goregaon East,Romell Aether
Mumbai,Goregaon East,Oberoi Esquire
Mumbai,Goregaon East,Sky Villa
Mumbai,Goregaon East,Sham Sadan
Mumbai,Goregaon East,Hetali Blessings
Mumbai,Goregaon East,Applaud 38
Mumbai,Goregaon East,Raheja Ridgewood
Mumbai,Goregaon East,Agarwal Floresta Maple
Mumbai,Goregaon East,Oberoi Exquisite
Mumbai,Goregaon East,Avant Hillway
Mumbai,Goregaon East,Arkade Aspire
Mumbai,Goregaon East,Lalani Grandeur
Mumbai,Goregaon East,Acme Hills
Mumbai,Goregaon East,Royal Palms Ruby Isle Apartment
Mumbai,Goregaon East,Heena Gaurav Jewels
Mumbai,Goregaon East,Royal Palms Diamond Isle Phase Ii
Mumbai,Goregaon East,Swapnalok Tower
Mumbai,Goregaon East,Omkar Ananta
Mumbai,Goregaon East,Diamond 3
Mumbai,Goregaon East,Royal Palms Diamond Isle Phase I
Mumbai,Goregaon East,Mantri Park
Mumbai,Goregaon East,Royal Palms
Mumbai,Goregaon East,Ekta Chs Ltd
Mumbai,Goregaon East,Sai Baba Complex
Mumbai,Goregaon East,Satellite Tower Goregaon East
Mumbai,Goregaon East,Dindoshi Mahad Complex
Mumbai,Goregaon East,Lake View 2
Mumbai,Goregaon East,Apna Ghar
Mumbai,Goregaon East,Goregaon Gokuldham Society
Mumbai,Goregaon East,Sadguru Complex
Mumbai,Goregaon East,Vasant Valley
Mumbai,Goregaon East,Samarth Tanish
Mumbai,Goregaon East,Sankalp Siddhi
Mumbai,Goregaon East,Prakriti Towers
Mumbai,Goregaon East,Meadows
Mumbai,Goregaon East,Oberoi Exquisite Ii
Mumbai,Goregaon East,Summit Apartment
Mumbai,Goregaon East,Garden View Apartment
Mumbai,Goregaon West,Gulraj Trinity
Mumbai,Goregaon East,Yashodham Complex
Mumbai,Goregaon East,Pandurangwadi
Mumbai,Goregaon East,Yash Willows
Mumbai,Goregaon East,Ronit Residency
Mumbai,Goregaon East,Rag Megh Malhar
Mumbai,Goregaon East,Aspen Garden
Mumbai,Goregaon East,Divya Stuti Chs
Mumbai,Goregaon East,Emerald Isle
Mumbai,Goregaon East,Bimbisar Nagar
Mumbai,Goregaon East,Gokul Dham
Mumbai,Goregaon East,Oberoi Woods
Mumbai,Goregaon East,Sheetal Shakuntla
Mumbai,Goregaon East,Shree Shakun Heights
Mumbai,Goregaon East,Saibaba Complex
Mumbai,Goregaon East,Satellite Royale
Mumbai,Goregaon East,Malhar Tower
Mumbai,Goregaon East,Delta House
Mumbai,Goregaon East,Onyx
Mumbai,Goregaon West,Sai Life Sai Siddhi Towers
Mumbai,Goregaon East,Riddhi Tower
Mumbai,Goregaon East,Dheeraj Valley Tower
Mumbai,Goregaon East,Royal Palms Piccadilly 4
Mumbai,Goregaon East,Shagun Tower
Mumbai,Goregaon East,Lakshachandi Heights
Mumbai,Goregaon East,Piccadilly Condos
Mumbai,Goregaon East,Sai Sagar Tower
Mumbai,Andheri West,Apurva Residence
Mumbai,Jogeshwari East,Raj Pantheon
Mumbai,Goregaon East,Matrubhoomi
Mumbai,Goregaon East,Mantri Serene
Mumbai,Goregaon East,Jyoti Sukriti
Mumbai,Goregaon East,Satellite Garden
Mumbai,Goregaon East,Aakar Apartment
Mumbai,Goregaon East,Vrindavan Society
Mumbai,Goregaon East,Manavsthal 2
Mumbai,Andheri West,Godrej Horizon
Mumbai,Goregaon West,Garden Estate
Mumbai,Goregaon East,Lakshchandi Height
Mumbai,Goregaon East,Conwood Astoria
Mumbai,Goregaon East,Ivy Tower
Mumbai,Jogeshwari East,Skyluxe
Mumbai,Goregaon East,Shruti Apartment
Mumbai,Goregaon East,Corner Stone
Mumbai,Goregaon East,Raheja Sherwood
Mumbai,Goregaon East,Ami Jharna
Mumbai,Malad East,Raheja Residency
Mumbai,Goregaon East,Sankalp Society
Mumbai,Jogeshwari East,Nirvaana Pearl
Mumbai,Goregaon East,Codename Above And Beyond
Mumbai,Goregaon East,Riddhi Garden
Mumbai,Goregaon East,Golden Isle
Mumbai,Goregaon East,Atharwa Chs
Mumbai,Goregaon East,Prayag Heights
Mumbai,Goregaon East,Sheth Janak Apartment
Mumbai,Goregaon East,Yash Orion
Mumbai,Goregaon East,Prabhat Bageshree
Mumbai,Agripada,Hi Rock Kinjal Nine
Mumbai,Agripada,Ksa Pride
Mumbai,Agripada,Nathani Residencyq
Mumbai,Agripada,Klassic Towers
Mumbai,Agripada,Dudhwala Aqua Pearl
Mumbai,Mumbai Central,Nathani Heights
Mumbai,Mumbai Central,Orchid Enclave Mumbai Central
Mumbai,Mumbai Central,Dudhwala Complex
Mumbai,Agripada,Aziz Castle
Mumbai,Agripada,K Living Allana Mansion
Mumbai,Mumbai Central,Runwal Orchard Residency
Mumbai,Agripada,Nilgiri Tower
Mumbai,Mumbai Central,Db Orchid Tower
Mumbai,Agripada,Sunshine Chs
Mumbai,Mumbai Central,Db Orchid Enclave
Mumbai,Matunga West,Aangan
Mumbai,Matunga West,Wadhwa Pristine
Mumbai,Matunga West,Ruparel Iris
Mumbai,Matunga West,Lifescapes Mirage
Mumbai,Matunga West,Shreeji Heights
Mumbai,Matunga West,Shyam Chs
Mumbai,Matunga West,Kshitij
Mumbai,Matunga West,Spenta Ocean Blue
Mumbai,Matunga West,The Wadhwa W54
Mumbai,Matunga West,Sheerji Heights
Mumbai,Matunga East,Hubtown Harmony
Mumbai,Matunga East,Mody Kunj
Mumbai,Matunga East,M19
Mumbai,Matunga East,Devi Sadan Apartment
Mumbai,Matunga,9 Uma  Ishaan
Mumbai,Matunga East,Gulraj Paradise
Mumbai,Matunga East,Godrej Five Gardens
Mumbai,Matunga East,Gold Finch Apartment
Mumbai,Matunga East,Pranav Apartment
Mumbai,Matunga East,Hubtown Heaven
Mumbai,Matunga East,Parshwanath Gardens
Mumbai,Matunga East,Mid Town Avnue Apartments
Mumbai,Matunga East,Kesar Horizon
Mumbai,Matunga East,Saroj Sadan Apartment Plot 297
Mumbai,Matunga East,Amrut Smruti Apartment
Mumbai,Matunga East,Krushna Kunj Apartment Matunga East
Mumbai,Marine Lines,One Marina
Mumbai,Marine Lines,Marine Palace
Mumbai,Marine Lines,Bay Vue
Mumbai,Malad East,Kanakia Levels
Mumbai,Malad East,Royal Complex
Mumbai,Malad East,Raheja Township
Mumbai,Malad East,F Residences Malad
Mumbai,Malad East,Boulevard 15
Mumbai,Malad East,Sankalp Vigneshwar
Mumbai,Malad East,Vasant Valley Ivy Tower
Mumbai,Malad East,Alta Monte
Mumbai,Malad East,Royal Pristo
Mumbai,Malad East,Omkar Alta Monte
Mumbai,Malad East,Altamonte
Mumbai,Malad East,Sheetal Darshan
Mumbai,Malad East,Sethia Imperial Avenue
Mumbai,Malad East,Sagar Apartment
Mumbai,Malad East,Rashmi Heights
Mumbai,Malad East,Raheja Complex
Mumbai,Malad East,Mauli Chhaya
Mumbai,Malad East,Sheetal Sati Smruti
Mumbai,Malad East,Sra Project
Mumbai,Malad East,Rani Sati Marg
Mumbai,Malad East,Apna Desh Chs Ltd
Mumbai,Malad East,Shagun Mall Tower
Mumbai,Malad East,Abt Apartments
Mumbai,Malad East,Upper East 97
Mumbai,Malad East,Rizvi Cedar
Mumbai,Malad East,Rizvi Oak
Mumbai,Malad East,Malad Co Op Society
Mumbai,Malad East,Mauli Classic
Mumbai,Malad East,Omkar Signet
Mumbai,Malad East,Navkar Shankeshwar Apartment
Mumbai,Malad East,Raheja Heights
Mumbai,Malad East,Vaishno Heights
Mumbai,Malad East,Aarambh
Mumbai,Malad East,Devi Krupa
Mumbai,Malad East,Lemont Apartment
Mumbai,Malad East,Roha Satsang Bharti
Mumbai,Malad East,Sheetal Tapovan
Mumbai,Malad East,Shah Arcade Ii
Mumbai,Malad East,Tower 28
Mumbai,Malad East,Sahyadri Apartment
Mumbai,Malad East,Fressia Ranibello
Mumbai,Malad East,Manthan Darshi Complex
Mumbai,Malad East,Mauli Pride
Mumbai,Malad East,Mahaveer Apartments
Mumbai,Malad East,Mangal Krupa
Mumbai,Malad East,Dheeraj Uphar Chs. Ltd.
Mumbai,Goregaon East,Maharaja Retreat
Mumbai,Malad East,Divum
Mumbai,Malad East,Astrum
Mumbai,Malad East,Shah Arcade Iii
Mumbai,Malad East,Woodlands Apartment
Mumbai,Malad East,Mauli Omkar
Mumbai,Goregaon East,Vasant Valley Complex
Mumbai,Malad East,Satsang Complex
Mumbai,Goregaon East,Om Trimurti
Mumbai,Malad East,Trilliant At Omkar Alta Monte
Mumbai,Malad East,Sethia Darshan
Mumbai,Malad East,Shraddha Apartments
Mumbai,Malad East,111 Hyde Park
Mumbai,Malad East,Shree Satyam
Mumbai,Malad East,Madhav Dham
Mumbai,Malad East,Neelyog Virat
Mumbai,Malad East,Analiza Anandam
Mumbai,Malad East,Lalani Velentine Apartments Ii
Mumbai,Malad East,Amann Highland Park
Thane,Dombivli West,Amar Elegance
Thane,Dombivli West,Swaminarayan City
Thane,Dombivli West,Amar Galaxy
Thane,Dombivli West,Raj Vaibhav Nx
Thane,Dombivli West,Krushnai Sajjan Darshan
Thane,Dombivli West,Sarvodaya Galaxy
Mumbai,Mahim West,Inez Tower A And B
Mumbai,Mahim West,Garden Colony
Mumbai,Mahim West,Buildarch Residency
Mumbai,Mahim West,Vitalis
Mumbai,Mahim West,Orchid Atrium
Mumbai,Mahim West,Passcode Miracle Bay
Mumbai,Mahim West,Crystal Colony
Mumbai,Mahim West,Jewel Crest
Mumbai,Mahim West,Suraj Eterna
Mumbai,Mahim West,Rohira House
Mumbai,Mahim West,Unnati Chs
Mumbai,Mahim West,Sumeet Sadan Cooperative Society Ltd
Mumbai,Mahim West,The Solitaire
Mumbai,Mahim West,Matoshree Pearl
Mumbai,Mahim West,Zinnia
Mumbai,Mahim West,St Anthony Apartment
Mumbai,Mahalaxmi Race Course,Piramal Mahalaxmi
Mumbai,Mahalaxmi Race Course,Lodha Bellevue
Mumbai,Mahalaxmi Race Course,Lokhandwala Minerva
Mumbai,Mahalaxmi Race Course,Planet Godrej
Mumbai,Mahalaxmi Race Course,Lodha Bellissimo
Mumbai,Mahalaxmi Race Course,Raheja Vivarea
Mumbai,Lower Parel West,Phoenix Towers
Mumbai,Lower Parel West,Lodha Vista
Mumbai,Lower Parel West,One Avighna Park
Mumbai,Lower Parel West,Lodha World Crest
Mumbai,Lower Parel West,India Bulls Sky Forest
Mumbai,Lower Parel West,The Baya Central
Mumbai,Lower Parel West,Lodha The World Towers
Mumbai,Lower Parel West,Neelganga Apartment
Mumbai,Lower Parel West,Darsshan Ricco
Mumbai,Lower Parel West,Shilp Tower
Mumbai,Lower Parel West,Baya Central
Mumbai,Lower Parel West,Indiabulls Sky
Mumbai,Lower Parel West,Falcon Castle
Mumbai,Lower Parel West,Marathon Next Gen Era
Mumbai,Chembur West,Implosion Chs
Mumbai,Chembur West,Sky Annex
Mumbai,Chembur West,Vardhan Heights
Mumbai,Chembur West,Mj Shah Centrio
Mumbai,Chembur West,S3 Proxima
Mumbai,Lower Parel East,Florence
Mumbai,Lower Parel East,Arihant Towers
Mumbai,Lower Parel East,Avighna 9
Mumbai,Khar West,Krishnaj Gift
Mumbai,Khar West,Samyakth Bliss
Mumbai,Khar West,Kolte Patil K52
Mumbai,Khar West,Ekta Eminente I
Mumbai,Khar West,Ira Chhaya
Mumbai,Khar West,Mayfair Bliss
Mumbai,Khar West,Ekta Iris
Mumbai,Khar West,Kamala Nutan Yojana
Mumbai,Khar West,Rustomjee Paramount
Mumbai,Khar West,Evershine Jewel
Mumbai,Khar West,Joy Legend
Mumbai,Khar West,Elron Garden Apartment
Mumbai,Khar West,Rama Krishna
Mumbai,Khar West,Nivan
Mumbai,Khar West,Lok Nirman
Mumbai,Khar West,Maya Apartment
Mumbai,Khar West,Rishikesh Apartment
Mumbai,Khar West,Khandelwal
Mumbai,Khar West,Neel Apartment
Mumbai,Khar West,Khar Laxmi Niwas Apartment
Mumbai,Khar West,Blue Moon Apartments
Mumbai,Khar West,Murli Govind
Mumbai,Khar West,Jai Shankaroadeep Apartment
Mumbai,Khar West,Ekta Verve
Mumbai,Khar West,Lok Nirman Phase Ii
Mumbai,Khar West,Brahma Niwas
Mumbai,Khar West,Lalani Fairmont
Mumbai,Khar West,Hari Bhavan
Mumbai,Khar West,Lilaram Chs
Mumbai,Khar West,Vijay Deep
Mumbai,Khar West,Swan Lake Apartment
Mumbai,Khar West,Queens Park
Mumbai,Khar West,Anand Sagar
Mumbai,Khar West,Munshi Manor
Mumbai,Khar West,Pioneer Heights
Mumbai,Khar West,Raja Shloka Apartment
Mumbai,Khar West,Bhavya Palace
Mumbai,Khar West,Fortune Paradise
Mumbai,Khar West,S Raheja New Light
Mumbai,Khar West,Rose Queen
Mumbai,Khar West,Mohini Heights
Mumbai,Khar West,Simran Apartment
Mumbai,Khar West,Nav Palmyra Apartment
Mumbai,Khar West,Sweethome Apartments
Mumbai,Khar West,Guru Villa
Mumbai,Khar West,Wadhwa Madhur Milan
Mumbai,Khar West,Vijay Roshandeep
Mumbai,Khar West,Sosar Solitaire
Mumbai,Khar West,Ekta Eros
Thane,Dombivli East,Lodha Lakeshore Greens
Mumbai,Santacruz East,Unique Elita
Mumbai,Kandivali West,Dosti Oro 67
Mumbai,Kandivali West,Maitri Residency
Mumbai,Kandivali West,Surbhi Complex
Mumbai,Kandivali West,Orchid Suburbia
Mumbai,Kandivali West,Skylon Suburbia
Mumbai,Kandivali West,Siddha Seabrook
Mumbai,Kandivali West,Ruparel Westsky
Mumbai,Kandivali West,Orchid Residency
Mumbai,Kandivali West,Veena Smart Homes
Mumbai,Kandivali West,West View Chs
Mumbai,Kandivali West,Blue Tulip
Mumbai,Kandivali West,K Hemani Login
Mumbai,Kandivali West,Jeevan Deep
Mumbai,Kandivali West,Kalpavruksh Garden 3
Mumbai,Kandivali West,Icon
Mumbai,Kandivali West,Parinee Essence
Mumbai,Kandivali West,Atul Blue Arch
Mumbai,Kandivali West,Gauri Excellency
Mumbai,Kandivali West,Acme Avenue
Mumbai,Kandivali West,Nisarg Heaven
Mumbai,Kandivali West,Hill View
Mumbai,Kandivali West,Aman Spring
Mumbai,Kandivali West,Sai Krupa
Mumbai,Kandivali West,Rna Regency Park
Mumbai,Kandivali West,Rna Royale Park
Mumbai,Kandivali West,Sethia Kalpavruksh Heights
Mumbai,Kandivali West,Pooja Enclave
Mumbai,Kandivali West,Shivaji Raje Complex
Mumbai,Kandivali West,Ruparel Sky Greens
Mumbai,Kandivali West,Ruparel Optima
Mumbai,Kandivali West,Gaurav Garden
Mumbai,Kandivali West,Rajratan Palace Chs
Mumbai,Kandivali West,Rock Avenue
Mumbai,Kandivali West,Kandivali Gyan Darshan
Mumbai,Kandivali West,Kalpavruksh Heights
Mumbai,Kandivali West,Ruparel Elara
Mumbai,Kandivali West,Breezy Corner
Mumbai,Kandivali West,Divya Shree Abhishek Chsl
Mumbai,Kandivali West,Platinum Tower
Mumbai,Kandivali West,Accord Apartment
Mumbai,Kandivali West,Mhada Building
Mumbai,Kandivali West,Ruparel Palacio
Mumbai,Kandivali West,Gabadia Heights
Mumbai,Kandivali West,Harmony
Mumbai,Kandivali West,Hiranandani Castalia
Mumbai,Kandivali West,Blue Empire Complex
Mumbai,Kandivali West,Hulas Basti
Mumbai,Kandivali West,Satguru Apartment
Mumbai,Kandivali West,Bhavya Heights
Mumbai,Kandivali West,Sukhkarta Chs
Mumbai,Kandivali West,Shiv Prasad
Mumbai,Kandivali West,Kalpavruksh Garden 1
Mumbai,Kandivali West,Sea Shell
Mumbai,Kandivali West,Amisha Apartment
Mumbai,Kandivali West,Highland Park
Mumbai,Kandivali West,Navnath Apartment
Mumbai,Kandivali West,Paras Nagar
Mumbai,Kandivali West,Rughani Palace
Mumbai,Kandivali West,Rna Ng Garden
Mumbai,Kandivali West,Arkade Bhoomi Heights
Mumbai,Kandivali West,Aarti Aavishkar Complex
Mumbai,Kandivali West,Shree Gohil Mansion Cooperative Housing Society Ltd
Mumbai,Kandivali West,Astor Palace
Mumbai,Kandivali West,Shree Siddhi Vinayak Nivas
Mumbai,Kandivali West,Padmavati Chs Ltd
Mumbai,Kandivali West,Golden Enclave
Mumbai,Kandivali West,Dahanukarwadi
Mumbai,Kandivali West,Red Brick Ibis
Mumbai,Kandivali West,Maa Hiren Apartment
Mumbai,Kandivali West,Arvindo Kandivali West
Mumbai,Kandivali West,Gaurav Palace Apartment
Mumbai,Kandivali West,Omkaar Shri
Mumbai,Dahisar East,Shree Krishna
Mumbai,Kandivali West,Sangeeta Apartment
Mumbai,Kandivali West,Rajeshri Kunj
Mumbai,Kandivali West,The Wadhwa Madhupuri
Mumbai,Kandivali West,Agarwal Nimmit Towers Ii
Mumbai,Kandivali West,Mayfair Greens
Mumbai,Kandivali West,Mamtora Shree Vallabh
Mumbai,Kandivali West,Neelyog Aashiyana
Mumbai,Kandivali West,Gemstar Symphony Apartment
Mumbai,Kandivali West,Anant Tara
Mumbai,Kandivali West,19 North
Mumbai,Kandivali West,Sagarmata Chs
Mumbai,Kandivali West,Sk Spring Field
Mumbai,Kandivali West,Vasant Bhagirathi
Mumbai,Dahisar East,Vrajesh Apartment
Mumbai,Kandivali West,Green Arch Cooperative Society
Mumbai,Dahisar East,Gabadia Homes
Mumbai,Kandivali West,Thakkar Plaza
Mumbai,Kandivali West,Veena Sitar
Mumbai,Kandivali West,Shree Niketan
Mumbai,Kandivali West,Rustomjee Meridian
Mumbai,Kandivali West,Sahajanand Akshar Apartment
Mumbai,Kandivali West,Shanti B Apartment
Mumbai,Kandivali West,Patel Nagar Chs
Mumbai,Kandivali West,Siddhi Appartment
Mumbai,Kandivali West,Vimal Apartment
Mumbai,Kandivali West,Sahyadri Chs
Mumbai,Kandivali West,Radhika Apartment
Mumbai,Kandivali West,Chheda Complex
Mumbai,Kandivali West,Kanakia Sky Walk
Mumbai,Kandivali West,Shalimar Chs
Mumbai,Kandivali West,Sea Mist
Mumbai,Kandivali West,Atul Blue Empire
Mumbai,Kandivali West,Sai Dham Tower
Mumbai,Kandivali West,Pranay Vidya
Mumbai,Kandivali West,Shruti
Mumbai,Kandivali West,Blue Ocean
Mumbai,Kandivali West,Ruby Tower
Mumbai,Kandivali West,Sunrise Charkop
Mumbai,Kandivali West,Charkop Mitasu
Mumbai,Kandivali West,Anant Bhoomi
Mumbai,Kandivali West,Dem Cygnus
Mumbai,Kandivali West,Fortune Heights
Mumbai,Kandivali West,Arise West Center
Mumbai,Kandivali West,Heena Gaurav Heights
Mumbai,Kandivali West,Lotus Sky Garden
Mumbai,Kandivali West,Vishwadeep Heights
Mumbai,Kandivali West,Shyam Kunj Bldg
Mumbai,Kandivali West,Shiv Shrushti
Mumbai,Kandivali West,Jeevan Shanti
Mumbai,Ghatkopar West,Right Grishma Heights
Mumbai,Kandivali West,Shree Nikunj
Mumbai,Kandivali West,73 East
Mumbai,Kandivali West,Leela Raj
Mumbai,Kandivali West,Allure Jalaram Height
Mumbai,Kandivali West,Sea Crown
Mumbai,Kandivali West,Mumbai Xl
Mumbai,Kandivali West,Dynamic Panchsheel Heights
Mumbai,Kandivali West,Anupam
Mumbai,Kandivali West,Jatin Villa
Mumbai,Kandivali West,Blue Oasis Ii
Mumbai,Dahisar East,Skylon Spaces
Mumbai,Kandivali West,Om Siddhi Building
Mumbai,Kandivali West,Rajshree Apartment
Mumbai,Kandivali West,Veena Geet Sangeet
Mumbai,Kandivali West,Shree Prafull Chsl
Mumbai,Kandivali East,Lokhandwala Octacrest
Mumbai,Kandivali East,Godrej Tranquil
Mumbai,Mira Road East,Sierra Towers
Mumbai,Kandivali East,Siennaa
Mumbai,Kandivali East,Mahindra Roots
Mumbai,Kandivali East,Raheja Reflection Eternity
Mumbai,Kandivali East,Alpine Shapoorji Pallonji
Mumbai,Kandivali East,Epsilon
Mumbai,Kandivali East,Viceroy Savana
Mumbai,Kandivali East,Sapphire Height
Mumbai,Kandivali East,Bhoomi Elegant
Mumbai,Kandivali East,Sethia Pride
Mumbai,Kandivali East,Tw Gardens
Mumbai,Kandivali East,Uk Luxecity
Mumbai,Kandivali East,Lodha Woods
Mumbai,Kandivali East,Aquila At Sarova
Mumbai,Kandivali East,Kalpataru Elegante
Mumbai,Kandivali East,Uk Iridium
Mumbai,Kandivali East,Alpine
Mumbai,Kandivali East,Dheeraj Hill View Tower
Mumbai,Kandivali East,Videocon Tower
Mumbai,Kandivali East,Sarova Epsilon
Mumbai,Kandivali East,Sarla Avenue
Mumbai,Kandivali East,Sunshine Apartment Kandivali East
Mumbai,Kandivali East,White City
Mumbai,Kandivali East,Hemavathi Chs
Mumbai,Kandivali East,National Avenue
Mumbai,Kandivali East,Sarova Kandivali
Mumbai,Kandivali East,Evershine Millenium Paradise
Mumbai,Kandivali East,Gokul Nagri 2
Mumbai,Kandivali East,Raheja Willows
Mumbai,Kandivali East,Sheth Vasant Utsav
Mumbai,Kandivali East,Essbel Chs
Mumbai,Kandivali East,Sai Vihar
Mumbai,Kandivali East,Thakur Complex
Mumbai,Kandivali East,Dheeraj Upvan
Mumbai,Kandivali East,Bhoomi Valley
Mumbai,Kandivali East,Enso Sanza
Mumbai,Kandivali East,Raheja Reflection
Mumbai,Kandivali East,Kanakia Challengers
Mumbai,Kandivali East,Veena Saaz
Mumbai,Kandivali East,Dattani Park
Mumbai,Kandivali East,Ng Suncity Phase 3
Mumbai,Kandivali East,Gokul Vihar 2
Mumbai,Kandivali East,Morarji Mill Mhada
Mumbai,Kandivali East,Kalpataru Vienta Tower B
Mumbai,Kandivali East,Challenger Tower
Mumbai,Kandivali East,Evershine Crown
Mumbai,Kandivali East,Sumukh Hills
Mumbai,Kandivali East,Crimson Tower
Mumbai,Kandivali East,Kalpatru Elegante
Mumbai,Kandivali East,Ng Suncity
Mumbai,Kandivali East,Oberoi Gardens
Mumbai,Kandivali East,Vasant Smruti
Mumbai,Kandivali East,Lokhandwala Spring Leaf
Mumbai,Kandivali East,Godrej Nest
Mumbai,Kandivali East,Thakur Jewel Tower
Mumbai,Kandivali East,Pushkar Accord
Mumbai,Kandivali East,Vedic Heights
Mumbai,Kandivali East,Millennium Tower
Mumbai,Kandivali East,Harmony Homes Chs
Mumbai,Kandivali East,Aangan Chs
Mumbai,Kandivali East,Bhoomi Hills
Mumbai,Kandivali East,Green Gagan
Mumbai,Kandivali East,Ambika Darshan
Mumbai,Kandivali East,Highway Park Apartment
Mumbai,Kandivali East,Akurli Om
Mumbai,Kandivali East,Gokul Residency
Mumbai,Kandivali East,Nirman Shiv Bhakti 1
Mumbai,Kandivali East,Shapoorji Sarova
Mumbai,Kandivali East,Gaurav Shikar
Mumbai,Kandivali East,Pathik Apartments
Mumbai,Kandivali East,Gokul Galaxy
Mumbai,Kandivali East,Gokul Garden
Mumbai,Kandivali East,Gayatri Avenue
Mumbai,Kandivali East,Gokul Nagari 1
Mumbai,Kandivali East,Gundecha Trillium
Mumbai,Kandivali East,Shiv Bhakti 1
Mumbai,Kandivali East,Viceroy Park
Mumbai,Kandivali East,Gokul Accord
Mumbai,Kandivali East,Kanakia Sanskruti
Mumbai,Kandivali East,Gundecha Valley Of Flowers
Mumbai,Kandivali East,Oasis
Mumbai,Kandivali East,Dheeraj Enclave
Mumbai,Kandivali East,Whispering Palms
Mumbai,Kandivali East,Vasant Sagar
Mumbai,Kandivali East,Mit Niketan
Mumbai,Kandivali East,Alica Nagar Chs
Mumbai,Kandivali East,Suhas Modi Sra
Mumbai,Kandivali East,The Windsor
Mumbai,Kandivali East,Fountain Heights
Mumbai,Kandivali East,Anita
Mumbai,Kandivali East,Benzer Tower
Mumbai,Kandivali East,Mahadev Tower
Mumbai,Kandivali East,Gokul Vihar
Mumbai,Kandivali East,Bhoomi Arkade
Mumbai,Kandivali East,Gundecha Greens
Mumbai,Kandivali East,Parinay 5C Apartment
Mumbai,Kandivali East,Aurigae Residency
Mumbai,Kandivali East,Vishnu Shivam Tower
Mumbai,Kandivali East,Aspire
Mumbai,Kandivali East,Astron
Mumbai,Kandivali East,Shree Riddhi Siddhi Sumukh Hills
Mumbai,Kandivali East,New Gokul Garoaden V.W.X
Mumbai,Kandivali East,Spring Leaf
Mumbai,Kandivali East,Tirupati Tower
Mumbai,Kandivali East,Arihant Darshan Chs
Mumbai,Kandivali East,Silver Leaf
Mumbai,Kandivali East,Sheth Clarion
Mumbai,Kandivali East,Payal Chs
Mumbai,Kandivali East,Thakur Jewel
Mumbai,Kandivali East,Mukta Mahek
Mumbai,Kandivali East,Orchid Tower
Mumbai,Kandivali East,Solitaire Edge
Mumbai,Kandivali East,Viceroy Court
Mumbai,Kandivali East,Gundecha Premiere
Mumbai,Kandivali East,Tsaaya
Mumbai,Kandivali East,Rna Ng Suncity
Mumbai,Kandivali East,Shapoorji Pallanji Alphine
Mumbai,Kandivali East,Raheja Serenity
Mumbai,Kandivali East,Signia High
Mumbai,Kandivali East,Palkhi Sara
Mumbai,Kandivali East,Atmosphere O2
Mumbai,Kandivali East,Oberoi Park View
Mumbai,Mira Road East,Lokhandwala Spring Grove
Mumbai,Kandivali East,Kanakia Park
Mumbai,Kandivali East,Resort View Apartment
Mumbai,Kandivali East,Satsang Apartment
Mumbai,Andheri West,Oberoi Springs
Mumbai,Andheri West,Sunil Apartment
Mumbai,Andheri West,Sheffield Towers
Mumbai,Andheri West,Rna Ng Eclat
Mumbai,Andheri West,Adani Western Heights
Mumbai,Andheri West,Evershine Embassy
Mumbai,Andheri West,Hubtown Premiere Residences
Mumbai,Andheri West,Oberoi Sky Gardens
Mumbai,Andheri West,Platinum Life
Mumbai,Andheri West,Runwal Elegante
Mumbai,Andheri West,Codename Westbay
Mumbai,Andheri West,Hetali Sagar
Mumbai,Andheri West,Sheth 72 West
Mumbai,Andheri West,Naman Habitat
Mumbai,Andheri West,Platinum 53 West
Mumbai,Andheri West,Jp Eminence
Mumbai,Andheri West,Rustomjee Elita
Mumbai,Andheri West,Gurnani Palms
Mumbai,Andheri West,Dlh Darpan
Mumbai,Andheri West,Amboli
Mumbai,Andheri West,Divyam Heights
Mumbai,Andheri West,Mohid Heights
Mumbai,Andheri West,Ashiyana Apartment
Mumbai,Andheri West,Jaycee Bhagtani Elegance
Mumbai,Andheri West,Venus Towers
Mumbai,Andheri West,Sagar Caspian
Mumbai,Andheri West,Shiv Shakti Apartments
Mumbai,Andheri West,Transcon Triumph Tower 4
Mumbai,Andheri West,Metropolis Residences
Mumbai,Andheri West,Suryakiran Chs
Mumbai,Andheri West,Sanman Apartment
Mumbai,Andheri West,Sagar City
Mumbai,Andheri West,Shiv Kutir
Mumbai,Andheri West,Kia Park Apartments
Mumbai,Andheri West,Chouhan Classic
Mumbai,Andheri West,Pramukh Heights
Mumbai,Andheri West,Grace Pinnacle
Mumbai,Andheri West,Aditi Apartment
Mumbai,Andheri West,Platinum Casa Divine
Mumbai,Andheri West,Tarapore Gardens
Mumbai,Andheri West,Aqua Residences
Mumbai,Andheri West,Shubham Chs
Mumbai,Andheri West,Omkar Chs
Mumbai,Andheri West,Savgan Heights
Mumbai,Andheri West,Kamal Apartment
Mumbai,Andheri West,Shubh Prathamesh Apartment
Mumbai,Andheri West,Gundecha Symphony
Mumbai,Andheri West,Sundervan Complex
Mumbai,Andheri West,Ashish Chs Manish Nagar Road
Mumbai,Andheri West,Transcon Triumph
Mumbai,Andheri West,Anuchhaya
Mumbai,Andheri West,Evershine Park
Mumbai,Andheri West,Evershine Green
Mumbai,Andheri West,Green Woods
Mumbai,Andheri West,Shatdal Chs Ltd
Mumbai,Andheri West,Sameer Apartment
Mumbai,Andheri West,New Blue Heaven Apartment
Mumbai,Andheri West,Kabra Metro One
Mumbai,Andheri West,Sai Apartment
Mumbai,Andheri West,Anand Vihar Chs
Mumbai,Andheri West,Uk Sangfroid
Mumbai,Andheri West,Platinum Towers
Mumbai,Andheri West,Oakland Park
Mumbai,Andheri West,Dlh Swapnadeep
Mumbai,Andheri West,The Gateway
Mumbai,Andheri West,Supreme 19
Mumbai,Andheri West,Flower Queen
Mumbai,Andheri West,The Fortuna
Mumbai,Andheri West,Platinum Prive
Mumbai,Andheri West,Dlh Dream Tower
Mumbai,Andheri West,Garden Rose
Mumbai,Andheri West,Aadhayay
Mumbai,Andheri West,Andheri Chs
Mumbai,Andheri West,Sumukh Heights
Mumbai,Andheri West,Panorama Tower
Mumbai,Andheri West,Andheri Lokhandwala
Mumbai,Andheri West,Lashkaria Empress
Mumbai,Andheri West,Sai Krishna Kunj
Mumbai,Andheri West,Premium Towers
Mumbai,Andheri West,Prathmesh Park
Mumbai,Andheri West,Sagar City Atlantic
Mumbai,Andheri West,Hrushikesh Apartment
Mumbai,Andheri West,Rajveer Apartment
Mumbai,Andheri West,Shubh-Man Mandir Apartment
Mumbai,Andheri West,Heritage
Mumbai,Andheri West,Bhairav Apartment
Mumbai,Andheri West,Manish Rose
Mumbai,Andheri West,Rustomjee Elements
Mumbai,Andheri West,Meghdoot Tower
Mumbai,Andheri West,Krishna Kaveri Apartment
Mumbai,Andheri West,Neelkamal Apartment
Mumbai,Andheri West,Indian Ocean Chs Ltd
Mumbai,Andheri West,Ashtavinayak Chs
Mumbai,Andheri West,Balaji House
Mumbai,Andheri West,Rosalia Apartments
Mumbai,Andheri West,Vraj One
Mumbai,Andheri West,Silver Arch
Mumbai,Andheri West,Versova View
Mumbai,Andheri West,Ballerina Apartment
Mumbai,Andheri West,Galactica Apartment
Mumbai,Andheri West,Mona Apartments
Mumbai,Andheri West,Neminath Luxeria
Mumbai,Andheri West,Sumeru Chs
Mumbai,Andheri West,Evershine Cosmic
Mumbai,Andheri West,Pacific Towers
Mumbai,Andheri West,Campaz Landmark
Mumbai,Andheri West,Jawaharban Chs
Mumbai,Andheri West,Star Ship Chs
Mumbai,Andheri West,Dheeraj Gaurav Heights
Mumbai,Andheri West,Millionaire Heritage
Mumbai,Andheri West,Acme Akshay Girikunj
Mumbai,Andheri West,Om Sai Ganga Chs
Mumbai,Andheri West,Eleganzia Royale
Mumbai,Andheri West,Satyam Chs
Mumbai,Andheri West,Mdm Zion
Mumbai,Andheri West,Shreedham Splendour
Mumbai,Andheri West,Bhagya Apartment
Mumbai,Andheri West,Richmond
Mumbai,Andheri West,Ocean View
Mumbai,Andheri West,Vardhman Grandeur
Mumbai,Andheri West,7 Bungalow
Mumbai,Andheri West,Titanium Towers
Mumbai,Andheri West,Brook Hill Chs Ltd
Mumbai,Andheri West,Dlh Mamta
Mumbai,Andheri West,Takshila Cooperative Housing Society
Mumbai,Andheri West,Juhu Abhishek Chs Ltd
Mumbai,Andheri West,Platinum Corporation
Mumbai,Andheri West,Rna Springs
Mumbai,Andheri West,Millennium Court
Mumbai,Andheri West,Itus
Mumbai,Andheri West,Platinum Tower 7
Mumbai,Andheri West,Kalpataru Yashodhan
Mumbai,Andheri West,Breeze Apartment
Mumbai,Andheri West,Jasmine Apartment
Mumbai,Andheri West,Savera Apartment
Mumbai,Andheri West,Dimple Eternia
Mumbai,Andheri West,Pearl Residency
Mumbai,Andheri West,Marvel Apartment
Mumbai,Andheri West,Hill View Chs
Mumbai,Andheri West,Gloriosa Parijat Chs Sra
Mumbai,Andheri West,Hdil Metropolis
Mumbai,Andheri West,Palash Tower
Mumbai,Andheri West,Mittal Skylark
Mumbai,Andheri West,Pearl Heights
Mumbai,Andheri West,Leo Tower
Mumbai,Andheri West,Green Court
Mumbai,Andheri West,Shri Arham Bluz
Mumbai,Andheri West,Vahatuk Nagar Chs
Mumbai,Andheri West,Manish Sun Flower Apartment
Mumbai,Andheri West,Sai Sahawas Chs
Mumbai,Andheri West,Wallfort Tower
Mumbai,Andheri West,Dlh Orchid
Mumbai,Andheri West,Vishakha Apartment
Mumbai,Andheri West,El Signora
Mumbai,Andheri West,Wembley Apartment
Mumbai,Andheri West,Vithal Kunj Apartment
Mumbai,Andheri West,Neminath Avenue
Mumbai,Andheri West,Fiona
Mumbai,Andheri West,Dlh Sorrento
Mumbai,Andheri West,Rohit Apartments
Mumbai,Andheri West,Sai Darshan
Mumbai,Andheri West,Royal Classic Co Op Society
Mumbai,Andheri West,Samruddhi Chs
Mumbai,Andheri West,Acme Stadium View
Mumbai,Andheri West,Om Apartment
Mumbai,Andheri West,Raiaskaran Parthenon
Mumbai,Andheri West,Winspace Amelio
Mumbai,Andheri West,Bharat Skyvistas
Mumbai,Andheri West,Veena Crest
Mumbai,Andheri West,Dlh Enclave
Mumbai,Andheri West,Jeevan Sapna Apartment
Mumbai,Andheri West,Asshna Seabliss
Mumbai,Andheri West,Prathamesh Xanadu C Wing Chs Ltd
Mumbai,Andheri West,Mk Gracia
Mumbai,Andheri West,Nahar Everest Apartment
Mumbai,Andheri West,The Dudhawala Proxima Residences
Mumbai,Andheri West,Dev Prestige
Mumbai,Andheri West,Shree Sai Surya Kiran
Mumbai,Andheri West,La Alteza
Mumbai,Andheri West,Nestle Apartment
Mumbai,Andheri West,Versova Vinus Apartment
Mumbai,Andheri West,Yamuna Apartment
Mumbai,Andheri West,The Residency
Mumbai,Andheri West,Golds Green Apartment
Mumbai,Andheri West,Vijay The Nest
Mumbai,Andheri West,Oberoi Sky Heights
Mumbai,Andheri West,Milind Mahalaxmi Tower
Mumbai,Andheri West,Silver Springs Apartment
Mumbai,Andheri West,Platinum Pristine
Mumbai,Andheri West,Mahant Krupa Apartment
Mumbai,Andheri West,Green Tower
Mumbai,Andheri West,Versova Kiran
Mumbai,Andheri West,Sun Beam Aprtment
Mumbai,Andheri West,Green Heights
Mumbai,Andheri West,Chitralekha Herritage
Mumbai,Andheri West,Kalpvriksh
Mumbai,Andheri West,Ashiyana Chs
Mumbai,Andheri West,Codename Rare By Runwal
Mumbai,Andheri West,Pearl Regency
Mumbai,Andheri West,Tattva Mittal Cove In
Mumbai,Andheri West,Infinite Poorna Apartments
Mumbai,Andheri West,4 Bungalow
Mumbai,Andheri West,Mercury Apartment
Mumbai,Andheri West,Platinum Casa Millennia
Mumbai,Andheri West,Bharat Sky Vistas Bluez
Mumbai,Andheri West,Sai Dwar Apartment
Mumbai,Andheri West,Flora Heights
Mumbai,Andheri East,Greenery Vkg Estate
Mumbai,Andheri East,Vasant Oasis
Mumbai,Andheri East,Sparsh
Mumbai,Andheri East,Arkade Prime
Mumbai,Andheri East,Naman Premier
Mumbai,Andheri East,Lodha Eternis
Mumbai,Andheri East,Vkg Passcode Beverly Hills
Mumbai,Andheri East,L&T Emerald Isle
Mumbai,Andheri East,Vasant Oasis Phase Ii
Mumbai,Andheri East,Romell Orbis
Mumbai,Andheri East,Vkg Krishna Residences
Mumbai,Andheri East,Kanakia Sevens
Mumbai,Andheri East,Bindra Apartments
Mumbai,Andheri East,Crescent Landmark
Mumbai,Andheri East,Atul Blue Fortuna
Mumbai,Andheri East,Sagar Heritage
Mumbai,Andheri East,Snehdhara Apartment
Mumbai,Andheri East,Poonam Prime
Mumbai,Andheri East,Vishal Apartment
Mumbai,Andheri East,Bajaj Emerald
Mumbai,Andheri East,Marol Hill View Society
Mumbai,Andheri East,Raheja Vistas
Mumbai,Andheri East,Shubham
Mumbai,Andheri East,Nahar Rosa Alba
Mumbai,Andheri East,Veda
Mumbai,Andheri East,Poonam Darshan
Mumbai,Andheri East,Poonam Kirti
Mumbai,Andheri East,Dipti Aryavarta
Mumbai,Andheri East,Poonam Jewel
Mumbai,Andheri East,Project Chakala
Mumbai,Andheri East,Rustomjee Central Park
Mumbai,Andheri East,Satellite Glory
Mumbai,Andheri East,The Baya Goldspot
Mumbai,Andheri East,Dsk Madhuban
Mumbai,Andheri East,Sagar City Indian Ocean C And D
Mumbai,Andheri East,Hubtown Palmrose
Mumbai,Andheri East,Premier Emperor
Mumbai,Andheri East,Lok Raunak Phase Ii
Mumbai,Andheri East,Dholakia Apartment
Mumbai,Andheri East,Veesita Residency
Mumbai,Andheri East,Kanakia Rainforest
Mumbai,Andheri East,Green Woods Chkala
Mumbai,Andheri East,Vicino
Mumbai,Andheri East,Gopal Bhavan Apartment
Mumbai,Andheri East,Atul Trans Apartment
Mumbai,Andheri East,Bindra Sateri Legacy
Mumbai,Andheri East,Sankalp Apartment
Mumbai,Andheri East,Royal Greens
Mumbai,Andheri East,Aditya Chs
Mumbai,Andheri East,Proxima
Mumbai,Andheri East,Accord
Mumbai,Andheri East,Lok Darshan
Mumbai,Andheri East,Savannah Avalon
Mumbai,Andheri East,Sunrise Tower
Mumbai,Andheri East,Gopeshwar Apartments
Mumbai,Andheri East,Ascent Residency
Mumbai,Andheri East,Ashok Nagar Complex
Mumbai,Andheri East,Dheeraj Darshan
Mumbai,Andheri East,Akruti Nova A Wing Chs L
Mumbai,Andheri East,Sher E Punjab
Mumbai,Andheri East,Pearl Heritage
Mumbai,Andheri East,Veena Synergy
Mumbai,Andheri East,The Peak
Mumbai,Andheri East,Runwal Elina
Mumbai,Andheri East,Uk Iona
Mumbai,Andheri East,Minal Apartment
Mumbai,Andheri East,Crystal Apartment
Mumbai,Andheri East,Vikas Towers
Mumbai,Andheri East,Dhan Laxmi
Mumbai,Andheri East,Aakruti Atria
Mumbai,Andheri East,Bellevue
Mumbai,Andheri East,Manavsthal Height
Mumbai,Andheri East,Deepak Daffodils
Mumbai,Andheri East,Millennium Park
Mumbai,Andheri East,Sai Siddhi Chs
Mumbai,Andheri East,Trupti Chs
Mumbai,Andheri West,Mahakali Darshan Apartment
Mumbai,Andheri East,Vastu Shanti
Mumbai,Andheri East,Kaatyani Residency
Mumbai,Andheri East,Eco Roshni
Mumbai,Andheri East,Neel Sarovar
Mumbai,Andheri East,S A Sneh Kutir
Mumbai,Andheri East,Akruti Orchid Park
Mumbai,Andheri East,Vasant Blossom
Mumbai,Andheri East,Mahindra Vivante
Mumbai,Andheri East,Orbit The Chakravarti Ashok Chs
Mumbai,Andheri East,Jyoti Ascent
Mumbai,Andheri East,Rna Heights
Mumbai,Andheri East,Hari Dham Chs
Mumbai,Andheri East,Takshila Society
Mumbai,Andheri East,Shree Vastu Enclave
Mumbai,Andheri East,Sidhant Complex
Mumbai,Andheri East,Gundecha Montego
Mumbai,Andheri East,The Kollage
Mumbai,Andheri East,Bindra Complex
Mumbai,Andheri East,Dsk Madhukosh
Mumbai,Andheri East,Vastu Riddhi
Mumbai,Andheri East,Project Sakinaka
Mumbai,Andheri East,K Raheja Vistas
Mumbai,Andheri East,Acme Boulevard
Mumbai,Andheri East,Blossom Chsl
Mumbai,Andheri East,Lodha Supremus
Mumbai,Andheri East,Akruti Aneri
Mumbai,Andheri East,Swapnalok Apartments
Mumbai,Andheri East,Nilgiri C Wing Chs
Mumbai,Andheri East,Shiv Krupa
Mumbai,Andheri East,K Raheja Vihar
Mumbai,Andheri East,Bima Nagar Chs Ltd
Mumbai,Andheri East,Vastu Labh
Mumbai,Andheri East,Crescent Exotica
Mumbai,Andheri East,Shirin Apartment
Mumbai,Andheri East,Green Fields
Mumbai,Andheri East,Raj Paradise
Mumbai,Andheri East,Mahakali Chs
Mumbai,Andheri East,Crystal Enclave
Mumbai,Andheri East,Ivy Marvel
Mumbai,Andheri East,Sa Suhana Apartment
Mumbai,Andheri East,Lake Bloom
Mumbai,Andheri East,Timmy Residency
Mumbai,Andheri East,Mahavir Classik
Mumbai,Andheri East,Ashok Nagar Building No.1 Co Operative Society Limited
Mumbai,Andheri East,Aarohi Chs
Mumbai,Andheri East,Express Enclave
Mumbai,Andheri East,Lok Raunak Phase I
Mumbai,Andheri East,Vastu Siddhi
Mumbai,Andheri East,Joy Valencia
Mumbai,Andheri East,Chamunda Heritage
Mumbai,Andheri East,Joy Callista
Mumbai,Andheri East,Orbit Residency Park
Mumbai,Andheri East,Marvel Twin Tower
Mumbai,Andheri East,Hubtown Sunmist
Mumbai,Andheri East,Rock View Apartment
Mumbai,Andheri East,Sher E Punjab Society
Mumbai,Andheri East,Crescent Grande
Mumbai,Andheri East,Samarth Enclave
Mumbai,Andheri East,Sardar Inspire Residency
Mumbai,Andheri East,Serenity Heights
Mumbai,Andheri East,Amey Apartments
Mumbai,Andheri West,Andheri
Mumbai,Andheri East,Sagar Heights
Mumbai,Andheri East,Lilium Lantana
Mumbai,Andheri East,Woodwind
Mumbai,Andheri East,Greenfields Chs
Mumbai,Andheri East,Harmony Apartments Co Operative Housing Society Ltd
Mumbai,Andheri East,Nahar 8 Towers
Mumbai,Andheri East,Sterling Court
Mumbai,Andheri East,Twin Tower Chs Ltd
Mumbai,Andheri East,A And O Bianca
Mumbai,Andheri East,Nazareth Niketan
Mumbai,Andheri East,Starwing Kaatyayni Heights
Mumbai,Andheri East,Pearl Heaven
Mumbai,Andheri East,Radiant 59
Mumbai,Andheri East,Park Royale
Mumbai,Andheri East,Aventa Palazzio
Mumbai,Andheri East,Shethwala The Lisa
Mumbai,Andheri East,Nahar Barberry And Bryony
Mumbai,Andheri East,Pride
